date,hour,day_of_week,is_weekend,demand_orders,is_peak
2025-02-01,0,Saturday,TRUE,11048,FALSE
2025-02-01,1,Saturday,TRUE,13847,FALSE
2025-02-01,2,Saturday,TRUE,17846,FALSE
2025-02-01,3,Saturday,TRUE,23023,FALSE
2025-02-01,4,Saturday,TRUE,28382,FALSE
2025-02-01,5,Saturday,TRUE,31754,FALSE
2025-02-01,6,Saturday,TRUE,33810,FALSE
2025-02-01,7,Saturday,TRUE,35091,FALSE
2025-02-01,8,Saturday,TRUE,35745,FALSE
2025-02-01,9,Saturday,TRUE,36424,FALSE
2025-02-01,10,Saturday,TRUE,38553,TRUE
2025-02-01,11,Saturday,TRUE,40595,TRUE
2025-02-01,12,Saturday,TRUE,45311,TRUE
2025-02-01,13,Saturday,TRUE,50689,TRUE
2025-02-01,14,Saturday,TRUE,52795,TRUE
2025-02-01,15,Saturday,TRUE,49816,TRUE
2025-02-01,16,Saturday,TRUE,47757,TRUE
2025-02-01,17,Saturday,TRUE,49242,TRUE
2025-02-01,18,Saturday,TRUE,47996,TRUE
2025-02-01,19,Friday,FALSE,33731,FALSE
2025-02-01,20,Friday,FALSE,26102,FALSE
2025-02-01,21,Friday,FALSE,19850,FALSE
2025-02-01,22,Friday,FALSE,15617,FALSE
2025-02-01,23,Friday,FALSE,13371,FALSE
2025-02-02,0,Sunday,TRUE,11367,FALSE
2025-02-02,1,Sunday,TRUE,13635,FALSE
2025-02-02,2,Sunday,TRUE,17394,FALSE
2025-02-02,3,Sunday,TRUE,20051,FALSE
2025-02-02,4,Sunday,TRUE,26007,FALSE
2025-02-02,5,Sunday,TRUE,31639,FALSE
2025-02-02,6,Sunday,TRUE,33431,FALSE
2025-02-02,7,Sunday,TRUE,34312,FALSE
2025-02-02,8,Sunday,TRUE,35516,FALSE
2025-02-02,9,Sunday,TRUE,36555,FALSE
2025-02-02,10,Sunday,TRUE,37134,TRUE
2025-02-02,11,Sunday,TRUE,36989,TRUE
2025-02-02,12,Sunday,TRUE,37499,TRUE
2025-02-02,13,Sunday,TRUE,38123,TRUE
2025-02-02,14,Sunday,TRUE,36095,FALSE
2025-02-02,15,Sunday,TRUE,32288,FALSE
2025-02-02,16,Sunday,TRUE,30049,FALSE
2025-02-02,17,Sunday,TRUE,27270,FALSE
2025-02-02,18,Sunday,TRUE,22622,FALSE
2025-02-02,19,Saturday,TRUE,42186,TRUE
2025-02-02,20,Saturday,TRUE,33131,FALSE
2025-02-02,21,Saturday,TRUE,25112,FALSE
2025-02-02,22,Saturday,TRUE,19263,FALSE
2025-02-02,23,Saturday,TRUE,14945,FALSE
2025-02-03,0,Monday,FALSE,11995,FALSE
2025-02-03,1,Monday,FALSE,21846,FALSE
2025-02-03,2,Monday,FALSE,33983,FALSE
2025-02-03,3,Monday,FALSE,42225,TRUE
2025-02-03,4,Monday,FALSE,34475,FALSE
2025-02-03,5,Monday,FALSE,27700,FALSE
2025-02-03,6,Monday,FALSE,25162,FALSE
2025-02-03,7,Monday,FALSE,24529,FALSE
2025-02-03,8,Monday,FALSE,26070,FALSE
2025-02-03,9,Monday,FALSE,28957,FALSE
2025-02-03,10,Monday,FALSE,29348,FALSE
2025-02-03,11,Monday,FALSE,29965,FALSE
2025-02-03,12,Monday,FALSE,33712,FALSE
2025-02-03,13,Monday,FALSE,33984,FALSE
2025-02-03,14,Monday,FALSE,30121,FALSE
2025-02-03,15,Monday,FALSE,27863,FALSE
2025-02-03,16,Monday,FALSE,26245,FALSE
2025-02-03,17,Monday,FALSE,24105,FALSE
2025-02-03,18,Monday,FALSE,19030,FALSE
2025-02-03,19,Sunday,TRUE,16417,FALSE
2025-02-03,20,Sunday,TRUE,7983,FALSE
2025-02-03,21,Sunday,TRUE,5419,FALSE
2025-02-03,22,Sunday,TRUE,4915,FALSE
2025-02-03,23,Sunday,TRUE,7542,FALSE
2025-02-04,0,Tuesday,FALSE,11192,FALSE
2025-02-04,1,Tuesday,FALSE,20878,FALSE
2025-02-04,2,Tuesday,FALSE,34618,FALSE
2025-02-04,3,Tuesday,FALSE,41606,TRUE
2025-02-04,4,Tuesday,FALSE,34487,FALSE
2025-02-04,5,Tuesday,FALSE,28202,FALSE
2025-02-04,6,Tuesday,FALSE,25290,FALSE
2025-02-04,7,Tuesday,FALSE,24948,FALSE
2025-02-04,8,Tuesday,FALSE,26747,FALSE
2025-02-04,9,Tuesday,FALSE,30767,FALSE
2025-02-04,10,Tuesday,FALSE,32309,FALSE
2025-02-04,11,Tuesday,FALSE,33024,FALSE
2025-02-04,12,Tuesday,FALSE,38906,TRUE
2025-02-04,13,Tuesday,FALSE,39612,TRUE
2025-02-04,14,Tuesday,FALSE,36197,FALSE
2025-02-04,15,Tuesday,FALSE,34063,FALSE
2025-02-04,16,Tuesday,FALSE,31800,FALSE
2025-02-04,17,Tuesday,FALSE,28908,FALSE
2025-02-04,18,Tuesday,FALSE,22349,FALSE
2025-02-04,19,Monday,FALSE,12839,FALSE
2025-02-04,20,Monday,FALSE,6841,FALSE
2025-02-04,21,Monday,FALSE,4715,FALSE
2025-02-04,22,Monday,FALSE,4158,FALSE
2025-02-04,23,Monday,FALSE,6519,FALSE
2025-02-05,0,Wednesday,FALSE,11538,FALSE
2025-02-05,1,Wednesday,FALSE,22005,FALSE
2025-02-05,2,Wednesday,FALSE,36569,FALSE
2025-02-05,3,Wednesday,FALSE,44832,TRUE
2025-02-05,4,Wednesday,FALSE,37208,TRUE
2025-02-05,5,Wednesday,FALSE,30111,FALSE
2025-02-05,6,Wednesday,FALSE,27219,FALSE
2025-02-05,7,Wednesday,FALSE,27607,FALSE
2025-02-05,8,Wednesday,FALSE,28441,FALSE
2025-02-05,9,Wednesday,FALSE,32155,FALSE
2025-02-05,10,Wednesday,FALSE,33285,FALSE
2025-02-05,11,Wednesday,FALSE,34884,FALSE
2025-02-05,12,Wednesday,FALSE,40495,TRUE
2025-02-05,13,Wednesday,FALSE,41525,TRUE
2025-02-05,14,Wednesday,FALSE,38209,TRUE
2025-02-05,15,Wednesday,FALSE,35967,FALSE
2025-02-05,16,Wednesday,FALSE,34999,FALSE
2025-02-05,17,Wednesday,FALSE,31314,FALSE
2025-02-05,18,Wednesday,FALSE,25278,FALSE
2025-02-05,19,Tuesday,FALSE,13901,FALSE
2025-02-05,20,Tuesday,FALSE,7620,FALSE
2025-02-05,21,Tuesday,FALSE,5067,FALSE
2025-02-05,22,Tuesday,FALSE,4723,FALSE
2025-02-05,23,Tuesday,FALSE,6935,FALSE
2025-02-06,0,Thursday,FALSE,12624,FALSE
2025-02-06,1,Thursday,FALSE,23618,FALSE
2025-02-06,2,Thursday,FALSE,38499,TRUE
2025-02-06,3,Thursday,FALSE,48133,TRUE
2025-02-06,4,Thursday,FALSE,42258,TRUE
2025-02-06,5,Thursday,FALSE,33923,FALSE
2025-02-06,6,Thursday,FALSE,30759,FALSE
2025-02-06,7,Thursday,FALSE,31958,FALSE
2025-02-06,8,Thursday,FALSE,31896,FALSE
2025-02-06,9,Thursday,FALSE,34596,FALSE
2025-02-06,10,Thursday,FALSE,35197,FALSE
2025-02-06,11,Thursday,FALSE,36555,FALSE
2025-02-06,12,Thursday,FALSE,42363,TRUE
2025-02-06,13,Thursday,FALSE,43986,TRUE
2025-02-06,14,Thursday,FALSE,39997,TRUE
2025-02-06,15,Thursday,FALSE,37456,TRUE
2025-02-06,16,Thursday,FALSE,36405,FALSE
2025-02-06,17,Thursday,FALSE,34562,FALSE
2025-02-06,18,Thursday,FALSE,29199,FALSE
2025-02-06,19,Wednesday,FALSE,16445,FALSE
2025-02-06,20,Wednesday,FALSE,9344,FALSE
2025-02-06,21,Wednesday,FALSE,6052,FALSE
2025-02-06,22,Wednesday,FALSE,5553,FALSE
2025-02-06,23,Wednesday,FALSE,8225,FALSE
2025-02-07,0,Friday,FALSE,12705,FALSE
2025-02-07,1,Friday,FALSE,22119,FALSE
2025-02-07,2,Friday,FALSE,36472,FALSE
2025-02-07,3,Friday,FALSE,43316,TRUE
2025-02-07,4,Friday,FALSE,35152,FALSE
2025-02-07,5,Friday,FALSE,30463,FALSE
2025-02-07,6,Friday,FALSE,29583,FALSE
2025-02-07,7,Friday,FALSE,30857,FALSE
2025-02-07,8,Friday,FALSE,32740,FALSE
2025-02-07,9,Friday,FALSE,36351,FALSE
2025-02-07,10,Friday,FALSE,37108,TRUE
2025-02-07,11,Friday,FALSE,39606,TRUE
2025-02-07,12,Friday,FALSE,44914,TRUE
2025-02-07,13,Friday,FALSE,49026,TRUE
2025-02-07,14,Friday,FALSE,49796,TRUE
2025-02-07,15,Friday,FALSE,46536,TRUE
2025-02-07,16,Friday,FALSE,44629,TRUE
2025-02-07,17,Friday,FALSE,46776,TRUE
2025-02-07,18,Friday,FALSE,43830,TRUE
2025-02-07,19,Thursday,FALSE,20609,FALSE
2025-02-07,20,Thursday,FALSE,12834,FALSE
2025-02-07,21,Thursday,FALSE,8576,FALSE
2025-02-07,22,Thursday,FALSE,7417,FALSE
2025-02-07,23,Thursday,FALSE,9095,FALSE
2025-02-08,0,Saturday,TRUE,11234,FALSE
2025-02-08,1,Saturday,TRUE,14269,FALSE
2025-02-08,2,Saturday,TRUE,18712,FALSE
2025-02-08,3,Saturday,TRUE,23872,FALSE
2025-02-08,4,Saturday,TRUE,28976,FALSE
2025-02-08,5,Saturday,TRUE,32065,FALSE
2025-02-08,6,Saturday,TRUE,34361,FALSE
2025-02-08,7,Saturday,TRUE,35936,FALSE
2025-02-08,8,Saturday,TRUE,37247,TRUE
2025-02-08,9,Saturday,TRUE,38349,TRUE
2025-02-08,10,Saturday,TRUE,39287,TRUE
2025-02-08,11,Saturday,TRUE,41364,TRUE
2025-02-08,12,Saturday,TRUE,44682,TRUE
2025-02-08,13,Saturday,TRUE,49320,TRUE
2025-02-08,14,Saturday,TRUE,51869,TRUE
2025-02-08,15,Saturday,TRUE,48321,TRUE
2025-02-08,16,Saturday,TRUE,37869,TRUE
2025-02-08,17,Saturday,TRUE,37596,TRUE
2025-02-08,18,Saturday,TRUE,36227,FALSE
2025-02-08,19,Friday,FALSE,36017,FALSE
2025-02-08,20,Friday,FALSE,28830,FALSE
2025-02-08,21,Friday,FALSE,21921,FALSE
2025-02-08,22,Friday,FALSE,16723,FALSE
2025-02-08,23,Friday,FALSE,13809,FALSE
2025-02-09,0,Sunday,TRUE,10355,FALSE
2025-02-09,1,Sunday,TRUE,12504,FALSE
2025-02-09,2,Sunday,TRUE,16331,FALSE
2025-02-09,3,Sunday,TRUE,19546,FALSE
2025-02-09,4,Sunday,TRUE,24572,FALSE
2025-02-09,5,Sunday,TRUE,30075,FALSE
2025-02-09,6,Sunday,TRUE,31889,FALSE
2025-02-09,7,Sunday,TRUE,33228,FALSE
2025-02-09,8,Sunday,TRUE,34210,FALSE
2025-02-09,9,Sunday,TRUE,35153,FALSE
2025-02-09,10,Sunday,TRUE,35943,FALSE
2025-02-09,11,Sunday,TRUE,37827,TRUE
2025-02-09,12,Sunday,TRUE,42874,TRUE
2025-02-09,13,Sunday,TRUE,45269,TRUE
2025-02-09,14,Sunday,TRUE,33811,FALSE
2025-02-09,15,Sunday,TRUE,29741,FALSE
2025-02-09,16,Sunday,TRUE,36415,FALSE
2025-02-09,17,Sunday,TRUE,42440,TRUE
2025-02-09,18,Sunday,TRUE,34194,FALSE
2025-02-09,19,Saturday,TRUE,33173,FALSE
2025-02-09,20,Saturday,TRUE,27384,FALSE
2025-02-09,21,Saturday,TRUE,20661,FALSE
2025-02-09,22,Saturday,TRUE,15870,FALSE
2025-02-09,23,Saturday,TRUE,12756,FALSE
2025-02-10,0,Monday,FALSE,12479,FALSE
2025-02-10,1,Monday,FALSE,21618,FALSE
2025-02-10,2,Monday,FALSE,33620,FALSE
2025-02-10,3,Monday,FALSE,42171,TRUE
2025-02-10,4,Monday,FALSE,35768,FALSE
2025-02-10,5,Monday,FALSE,29195,FALSE
2025-02-10,6,Monday,FALSE,26250,FALSE
2025-02-10,7,Monday,FALSE,26553,FALSE
2025-02-10,8,Monday,FALSE,28417,FALSE
2025-02-10,9,Monday,FALSE,30882,FALSE
2025-02-10,10,Monday,FALSE,31705,FALSE
2025-02-10,11,Monday,FALSE,32002,FALSE
2025-02-10,12,Monday,FALSE,36096,FALSE
2025-02-10,13,Monday,FALSE,36252,FALSE
2025-02-10,14,Monday,FALSE,32829,FALSE
2025-02-10,15,Monday,FALSE,30519,FALSE
2025-02-10,16,Monday,FALSE,28912,FALSE
2025-02-10,17,Monday,FALSE,25637,FALSE
2025-02-10,18,Monday,FALSE,19557,FALSE
2025-02-10,19,Sunday,TRUE,19266,FALSE
2025-02-10,20,Sunday,TRUE,10425,FALSE
2025-02-10,21,Sunday,TRUE,7080,FALSE
2025-02-10,22,Sunday,TRUE,6208,FALSE
2025-02-10,23,Sunday,TRUE,8468,FALSE
2025-02-11,0,Tuesday,FALSE,11789,FALSE
2025-02-11,1,Tuesday,FALSE,21851,FALSE
2025-02-11,2,Tuesday,FALSE,36542,FALSE
2025-02-11,3,Tuesday,FALSE,44303,TRUE
2025-02-11,4,Tuesday,FALSE,36527,FALSE
2025-02-11,5,Tuesday,FALSE,29658,FALSE
2025-02-11,6,Tuesday,FALSE,27039,FALSE
2025-02-11,7,Tuesday,FALSE,26871,FALSE
2025-02-11,8,Tuesday,FALSE,27822,FALSE
2025-02-11,9,Tuesday,FALSE,31766,FALSE
2025-02-11,10,Tuesday,FALSE,32266,FALSE
2025-02-11,11,Tuesday,FALSE,33613,FALSE
2025-02-11,12,Tuesday,FALSE,38764,TRUE
2025-02-11,13,Tuesday,FALSE,39730,TRUE
2025-02-11,14,Tuesday,FALSE,36608,FALSE
2025-02-11,15,Tuesday,FALSE,36371,FALSE
2025-02-11,16,Tuesday,FALSE,33317,FALSE
2025-02-11,17,Tuesday,FALSE,29875,FALSE
2025-02-11,18,Tuesday,FALSE,23698,FALSE
2025-02-11,19,Monday,FALSE,13450,FALSE
2025-02-11,20,Monday,FALSE,7467,FALSE
2025-02-11,21,Monday,FALSE,4908,FALSE
2025-02-11,22,Monday,FALSE,4593,FALSE
2025-02-11,23,Monday,FALSE,7158,FALSE
2025-02-12,0,Wednesday,FALSE,12038,FALSE
2025-02-12,1,Wednesday,FALSE,22102,FALSE
2025-02-12,2,Wednesday,FALSE,36529,FALSE
2025-02-12,3,Wednesday,FALSE,45140,TRUE
2025-02-12,4,Wednesday,FALSE,37725,TRUE
2025-02-12,5,Wednesday,FALSE,30606,FALSE
2025-02-12,6,Wednesday,FALSE,28208,FALSE
2025-02-12,7,Wednesday,FALSE,28522,FALSE
2025-02-12,8,Wednesday,FALSE,29693,FALSE
2025-02-12,9,Wednesday,FALSE,34007,FALSE
2025-02-12,10,Wednesday,FALSE,34195,FALSE
2025-02-12,11,Wednesday,FALSE,35974,FALSE
2025-02-12,12,Wednesday,FALSE,41206,TRUE
2025-02-12,13,Wednesday,FALSE,42700,TRUE
2025-02-12,14,Wednesday,FALSE,39393,TRUE
2025-02-12,15,Wednesday,FALSE,36559,FALSE
2025-02-12,16,Wednesday,FALSE,36293,FALSE
2025-02-12,17,Wednesday,FALSE,33496,FALSE
2025-02-12,18,Wednesday,FALSE,27017,FALSE
2025-02-12,19,Tuesday,FALSE,14768,FALSE
2025-02-12,20,Tuesday,FALSE,8470,FALSE
2025-02-12,21,Tuesday,FALSE,5456,FALSE
2025-02-12,22,Tuesday,FALSE,5101,FALSE
2025-02-12,23,Tuesday,FALSE,7774,FALSE
2025-02-13,0,Thursday,FALSE,13126,FALSE
2025-02-13,1,Thursday,FALSE,23774,FALSE
2025-02-13,2,Thursday,FALSE,38523,TRUE
2025-02-13,3,Thursday,FALSE,47150,TRUE
2025-02-13,4,Thursday,FALSE,39569,TRUE
2025-02-13,5,Thursday,FALSE,32771,FALSE
2025-02-13,6,Thursday,FALSE,29982,FALSE
2025-02-13,7,Thursday,FALSE,29796,FALSE
2025-02-13,8,Thursday,FALSE,31395,FALSE
2025-02-13,9,Thursday,FALSE,35124,FALSE
2025-02-13,10,Thursday,FALSE,35100,FALSE
2025-02-13,11,Thursday,FALSE,36648,FALSE
2025-02-13,12,Thursday,FALSE,40948,TRUE
2025-02-13,13,Thursday,FALSE,44032,TRUE
2025-02-13,14,Thursday,FALSE,43080,TRUE
2025-02-13,15,Thursday,FALSE,40182,TRUE
2025-02-13,16,Thursday,FALSE,38395,TRUE
2025-02-13,17,Thursday,FALSE,37266,TRUE
2025-02-13,18,Thursday,FALSE,30850,FALSE
2025-02-13,19,Wednesday,FALSE,17083,FALSE
2025-02-13,20,Wednesday,FALSE,9516,FALSE
2025-02-13,21,Wednesday,FALSE,6376,FALSE
2025-02-13,22,Wednesday,FALSE,5676,FALSE
2025-02-13,23,Wednesday,FALSE,8601,FALSE
2025-02-14,0,Friday,FALSE,13128,FALSE
2025-02-14,1,Friday,FALSE,22562,FALSE
2025-02-14,2,Friday,FALSE,35696,FALSE
2025-02-14,3,Friday,FALSE,43383,TRUE
2025-02-14,4,Friday,FALSE,37510,TRUE
2025-02-14,5,Friday,FALSE,32999,FALSE
2025-02-14,6,Friday,FALSE,31589,FALSE
2025-02-14,7,Friday,FALSE,32770,FALSE
2025-02-14,8,Friday,FALSE,34603,FALSE
2025-02-14,9,Friday,FALSE,37458,TRUE
2025-02-14,10,Friday,FALSE,37805,TRUE
2025-02-14,11,Friday,FALSE,40745,TRUE
2025-02-14,12,Friday,FALSE,45380,TRUE
2025-02-14,13,Friday,FALSE,50219,TRUE
2025-02-14,14,Friday,FALSE,53640,TRUE
2025-02-14,15,Friday,FALSE,53464,TRUE
2025-02-14,16,Friday,FALSE,51189,TRUE
2025-02-14,17,Friday,FALSE,48955,TRUE
2025-02-14,18,Friday,FALSE,45643,TRUE
2025-02-14,19,Thursday,FALSE,22833,FALSE
2025-02-14,20,Thursday,FALSE,14740,FALSE
2025-02-14,21,Thursday,FALSE,9640,FALSE
2025-02-14,22,Thursday,FALSE,7787,FALSE
2025-02-14,23,Thursday,FALSE,9594,FALSE
2025-02-15,0,Saturday,TRUE,11924,FALSE
2025-02-15,1,Saturday,TRUE,14526,FALSE
2025-02-15,2,Saturday,TRUE,17957,FALSE
2025-02-15,3,Saturday,TRUE,21893,FALSE
2025-02-15,4,Saturday,TRUE,26940,FALSE
2025-02-15,5,Saturday,TRUE,30518,FALSE
2025-02-15,6,Saturday,TRUE,32604,FALSE
2025-02-15,7,Saturday,TRUE,34418,FALSE
2025-02-15,8,Saturday,TRUE,36327,FALSE
2025-02-15,9,Saturday,TRUE,40354,TRUE
2025-02-15,10,Saturday,TRUE,43496,TRUE
2025-02-15,11,Saturday,TRUE,44713,TRUE
2025-02-15,12,Saturday,TRUE,46702,TRUE
2025-02-15,13,Saturday,TRUE,51369,TRUE
2025-02-15,14,Saturday,TRUE,53559,TRUE
2025-02-15,15,Saturday,TRUE,51022,TRUE
2025-02-15,16,Saturday,TRUE,48924,TRUE
2025-02-15,17,Saturday,TRUE,46812,TRUE
2025-02-15,18,Saturday,TRUE,44349,TRUE
2025-02-15,19,Friday,FALSE,37480,TRUE
2025-02-15,20,Friday,FALSE,28421,FALSE
2025-02-15,21,Friday,FALSE,21794,FALSE
2025-02-15,22,Friday,FALSE,16503,FALSE
2025-02-15,23,Friday,FALSE,14469,FALSE
2025-02-16,0,Sunday,TRUE,11453,FALSE
2025-02-16,1,Sunday,TRUE,13602,FALSE
2025-02-16,2,Sunday,TRUE,16828,FALSE
2025-02-16,3,Sunday,TRUE,18875,FALSE
2025-02-16,4,Sunday,TRUE,23592,FALSE
2025-02-16,5,Sunday,TRUE,33015,FALSE
2025-02-16,6,Sunday,TRUE,34190,FALSE
2025-02-16,7,Sunday,TRUE,39154,TRUE
2025-02-16,8,Sunday,TRUE,40683,TRUE
2025-02-16,9,Sunday,TRUE,35599,FALSE
2025-02-16,10,Sunday,TRUE,33417,FALSE
2025-02-16,11,Sunday,TRUE,32725,FALSE
2025-02-16,12,Sunday,TRUE,36775,TRUE
2025-02-16,13,Sunday,TRUE,39381,TRUE
2025-02-16,14,Sunday,TRUE,36422,FALSE
2025-02-16,15,Sunday,TRUE,33285,FALSE
2025-02-16,16,Sunday,TRUE,31511,FALSE
2025-02-16,17,Sunday,TRUE,31711,FALSE
2025-02-16,18,Sunday,TRUE,29031,FALSE
2025-02-16,19,Saturday,TRUE,38204,TRUE
2025-02-16,20,Saturday,TRUE,29684,FALSE
2025-02-16,21,Saturday,TRUE,23248,FALSE
2025-02-16,22,Saturday,TRUE,17861,FALSE
2025-02-16,23,Saturday,TRUE,14767,FALSE
2025-02-17,0,Monday,FALSE,10872,FALSE
2025-02-17,1,Monday,FALSE,16567,FALSE
2025-02-17,2,Monday,FALSE,20700,FALSE
2025-02-17,3,Monday,FALSE,26202,FALSE
2025-02-17,4,Monday,FALSE,26980,FALSE
2025-02-17,5,Monday,FALSE,27149,FALSE
2025-02-17,6,Monday,FALSE,28600,FALSE
2025-02-17,7,Monday,FALSE,29384,FALSE
2025-02-17,8,Monday,FALSE,30261,FALSE
2025-02-17,9,Monday,FALSE,31783,FALSE
2025-02-17,10,Monday,FALSE,32321,FALSE
2025-02-17,11,Monday,FALSE,32591,FALSE
2025-02-17,12,Monday,FALSE,35204,FALSE
2025-02-17,13,Monday,FALSE,37105,TRUE
2025-02-17,14,Monday,FALSE,34843,FALSE
2025-02-17,15,Monday,FALSE,31215,FALSE
2025-02-17,16,Monday,FALSE,28408,FALSE
2025-02-17,17,Monday,FALSE,25950,FALSE
2025-02-17,18,Monday,FALSE,21234,FALSE
2025-02-17,19,Sunday,TRUE,21762,FALSE
2025-02-17,20,Sunday,TRUE,14637,FALSE
2025-02-17,21,Sunday,TRUE,10150,FALSE
2025-02-17,22,Sunday,TRUE,8054,FALSE
2025-02-17,23,Sunday,TRUE,9257,FALSE
2025-02-18,0,Tuesday,FALSE,11696,FALSE
2025-02-18,1,Tuesday,FALSE,20716,FALSE
2025-02-18,2,Tuesday,FALSE,31372,FALSE
2025-02-18,3,Tuesday,FALSE,41267,TRUE
2025-02-18,4,Tuesday,FALSE,37866,TRUE
2025-02-18,5,Tuesday,FALSE,31149,FALSE
2025-02-18,6,Tuesday,FALSE,28418,FALSE
2025-02-18,7,Tuesday,FALSE,28698,FALSE
2025-02-18,8,Tuesday,FALSE,28994,FALSE
2025-02-18,9,Tuesday,FALSE,30199,FALSE
2025-02-18,10,Tuesday,FALSE,31230,FALSE
2025-02-18,11,Tuesday,FALSE,33580,FALSE
2025-02-18,12,Tuesday,FALSE,38321,TRUE
2025-02-18,13,Tuesday,FALSE,40995,TRUE
2025-02-18,14,Tuesday,FALSE,37415,TRUE
2025-02-18,15,Tuesday,FALSE,34784,FALSE
2025-02-18,16,Tuesday,FALSE,33699,FALSE
2025-02-18,17,Tuesday,FALSE,29308,FALSE
2025-02-18,18,Tuesday,FALSE,23291,FALSE
2025-02-18,19,Monday,FALSE,14988,FALSE
2025-02-18,20,Monday,FALSE,8666,FALSE
2025-02-18,21,Monday,FALSE,5553,FALSE
2025-02-18,22,Monday,FALSE,5008,FALSE
2025-02-18,23,Monday,FALSE,7619,FALSE
2025-02-19,0,Wednesday,FALSE,11684,FALSE
2025-02-19,1,Wednesday,FALSE,21097,FALSE
2025-02-19,2,Wednesday,FALSE,32456,FALSE
2025-02-19,3,Wednesday,FALSE,42337,TRUE
2025-02-19,4,Wednesday,FALSE,38750,TRUE
2025-02-19,5,Wednesday,FALSE,31709,FALSE
2025-02-19,6,Wednesday,FALSE,28871,FALSE
2025-02-19,7,Wednesday,FALSE,29308,FALSE
2025-02-19,8,Wednesday,FALSE,29608,FALSE
2025-02-19,9,Wednesday,FALSE,31012,FALSE
2025-02-19,10,Wednesday,FALSE,32586,FALSE
2025-02-19,11,Wednesday,FALSE,34237,FALSE
2025-02-19,12,Wednesday,FALSE,39042,TRUE
2025-02-19,13,Wednesday,FALSE,40689,TRUE
2025-02-19,14,Wednesday,FALSE,39893,TRUE
2025-02-19,15,Wednesday,FALSE,37470,TRUE
2025-02-19,16,Wednesday,FALSE,34994,FALSE
2025-02-19,17,Wednesday,FALSE,31820,FALSE
2025-02-19,18,Wednesday,FALSE,25296,FALSE
2025-02-19,19,Tuesday,FALSE,15162,FALSE
2025-02-19,20,Tuesday,FALSE,8148,FALSE
2025-02-19,21,Tuesday,FALSE,5509,FALSE
2025-02-19,22,Tuesday,FALSE,5044,FALSE
2025-02-19,23,Tuesday,FALSE,7577,FALSE
2025-02-20,0,Thursday,FALSE,12049,FALSE
2025-02-20,1,Thursday,FALSE,21030,FALSE
2025-02-20,2,Thursday,FALSE,32181,FALSE
2025-02-20,3,Thursday,FALSE,42678,TRUE
2025-02-20,4,Thursday,FALSE,39084,TRUE
2025-02-20,5,Thursday,FALSE,31808,FALSE
2025-02-20,6,Thursday,FALSE,29534,FALSE
2025-02-20,7,Thursday,FALSE,29490,FALSE
2025-02-20,8,Thursday,FALSE,31086,FALSE
2025-02-20,9,Thursday,FALSE,32516,FALSE
2025-02-20,10,Thursday,FALSE,34317,FALSE
2025-02-20,11,Thursday,FALSE,37747,TRUE
2025-02-20,12,Thursday,FALSE,43833,TRUE
2025-02-20,13,Thursday,FALSE,47193,TRUE
2025-02-20,14,Thursday,FALSE,45132,TRUE
2025-02-20,15,Thursday,FALSE,41013,TRUE
2025-02-20,16,Thursday,FALSE,38559,TRUE
2025-02-20,17,Thursday,FALSE,36595,FALSE
2025-02-20,18,Thursday,FALSE,32368,FALSE
2025-02-20,19,Wednesday,FALSE,16773,FALSE
2025-02-20,20,Wednesday,FALSE,9918,FALSE
2025-02-20,21,Wednesday,FALSE,6338,FALSE
2025-02-20,22,Wednesday,FALSE,5637,FALSE
2025-02-20,23,Wednesday,FALSE,8133,FALSE
2025-02-21,0,Friday,FALSE,12661,FALSE
2025-02-21,1,Friday,FALSE,21152,FALSE
2025-02-21,2,Friday,FALSE,31977,FALSE
2025-02-21,3,Friday,FALSE,39770,TRUE
2025-02-21,4,Friday,FALSE,37445,TRUE
2025-02-21,5,Friday,FALSE,32824,FALSE
2025-02-21,6,Friday,FALSE,31189,FALSE
2025-02-21,7,Friday,FALSE,31927,FALSE
2025-02-21,8,Friday,FALSE,32695,FALSE
2025-02-21,9,Friday,FALSE,33628,FALSE
2025-02-21,10,Friday,FALSE,35532,FALSE
2025-02-21,11,Friday,FALSE,38802,TRUE
2025-02-21,12,Friday,FALSE,44180,TRUE
2025-02-21,13,Friday,FALSE,48865,TRUE
2025-02-21,14,Friday,FALSE,50815,TRUE
2025-02-21,15,Friday,FALSE,47516,TRUE
2025-02-21,16,Friday,FALSE,45440,TRUE
2025-02-21,17,Friday,FALSE,47749,TRUE
2025-02-21,18,Friday,FALSE,45208,TRUE
2025-02-21,19,Thursday,FALSE,22810,FALSE
2025-02-21,20,Thursday,FALSE,14444,FALSE
2025-02-21,21,Thursday,FALSE,9435,FALSE
2025-02-21,22,Thursday,FALSE,7296,FALSE
2025-02-21,23,Thursday,FALSE,9317,FALSE
2025-02-22,0,Saturday,TRUE,11904,FALSE
2025-02-22,1,Saturday,TRUE,14731,FALSE
2025-02-22,2,Saturday,TRUE,18139,FALSE
2025-02-22,3,Saturday,TRUE,22784,FALSE
2025-02-22,4,Saturday,TRUE,28007,FALSE
2025-02-22,5,Saturday,TRUE,30916,FALSE
2025-02-22,6,Saturday,TRUE,32858,FALSE
2025-02-22,7,Saturday,TRUE,34302,FALSE
2025-02-22,8,Saturday,TRUE,35342,FALSE
2025-02-22,9,Saturday,TRUE,36933,TRUE
2025-02-22,10,Saturday,TRUE,37716,TRUE
2025-02-22,11,Saturday,TRUE,39990,TRUE
2025-02-22,12,Saturday,TRUE,43483,TRUE
2025-02-22,13,Saturday,TRUE,49564,TRUE
2025-02-22,14,Saturday,TRUE,51302,TRUE
2025-02-22,15,Saturday,TRUE,48823,TRUE
2025-02-22,16,Saturday,TRUE,48042,TRUE
2025-02-22,17,Saturday,TRUE,49859,TRUE
2025-02-22,18,Saturday,TRUE,47688,TRUE
2025-02-22,19,Friday,FALSE,37506,TRUE
2025-02-22,20,Friday,FALSE,28567,FALSE
2025-02-22,21,Friday,FALSE,21880,FALSE
2025-02-22,22,Friday,FALSE,17342,FALSE
2025-02-22,23,Friday,FALSE,13930,FALSE
2025-02-23,0,Sunday,TRUE,11791,FALSE
2025-02-23,1,Sunday,TRUE,14401,FALSE
2025-02-23,2,Sunday,TRUE,16932,FALSE
2025-02-23,3,Sunday,TRUE,19590,FALSE
2025-02-23,4,Sunday,TRUE,25263,FALSE
2025-02-23,5,Sunday,TRUE,30349,FALSE
2025-02-23,6,Sunday,TRUE,32018,FALSE
2025-02-23,7,Sunday,TRUE,31977,FALSE
2025-02-23,8,Sunday,TRUE,33166,FALSE
2025-02-23,9,Sunday,TRUE,33632,FALSE
2025-02-23,10,Sunday,TRUE,33218,FALSE
2025-02-23,11,Sunday,TRUE,33117,FALSE
2025-02-23,12,Sunday,TRUE,33019,FALSE
2025-02-23,13,Sunday,TRUE,35203,FALSE
2025-02-23,14,Sunday,TRUE,33124,FALSE
2025-02-23,15,Sunday,TRUE,30281,FALSE
2025-02-23,16,Sunday,TRUE,28438,FALSE
2025-02-23,17,Sunday,TRUE,27145,FALSE
2025-02-23,18,Sunday,TRUE,21781,FALSE
2025-02-23,19,Saturday,TRUE,41637,TRUE
2025-02-23,20,Saturday,TRUE,33683,FALSE
2025-02-23,21,Saturday,TRUE,26001,FALSE
2025-02-23,22,Saturday,TRUE,20134,FALSE
2025-02-23,23,Saturday,TRUE,15795,FALSE
2025-02-24,0,Monday,FALSE,12318,FALSE
2025-02-24,1,Monday,FALSE,22090,FALSE
2025-02-24,2,Monday,FALSE,34987,FALSE
2025-02-24,3,Monday,FALSE,41704,TRUE
2025-02-24,4,Monday,FALSE,33429,FALSE
2025-02-24,5,Monday,FALSE,27443,FALSE
2025-02-24,6,Monday,FALSE,24929,FALSE
2025-02-24,7,Monday,FALSE,25409,FALSE
2025-02-24,8,Monday,FALSE,26766,FALSE
2025-02-24,9,Monday,FALSE,29736,FALSE
2025-02-24,10,Monday,FALSE,30730,FALSE
2025-02-24,11,Monday,FALSE,31016,FALSE
2025-02-24,12,Monday,FALSE,34709,FALSE
2025-02-24,13,Monday,FALSE,34821,FALSE
2025-02-24,14,Monday,FALSE,30985,FALSE
2025-02-24,15,Monday,FALSE,29183,FALSE
2025-02-24,16,Monday,FALSE,27217,FALSE
2025-02-24,17,Monday,FALSE,24302,FALSE
2025-02-24,18,Monday,FALSE,19584,FALSE
2025-02-24,19,Sunday,TRUE,14689,FALSE
2025-02-24,20,Sunday,TRUE,8310,FALSE
2025-02-24,21,Sunday,TRUE,5695,FALSE
2025-02-24,22,Sunday,TRUE,5079,FALSE
2025-02-24,23,Sunday,TRUE,7908,FALSE
2025-02-25,0,Tuesday,FALSE,11366,FALSE
2025-02-25,1,Tuesday,FALSE,21234,FALSE
2025-02-25,2,Tuesday,FALSE,35701,FALSE
2025-02-25,3,Tuesday,FALSE,42859,TRUE
2025-02-25,4,Tuesday,FALSE,34363,FALSE
2025-02-25,5,Tuesday,FALSE,28176,FALSE
2025-02-25,6,Tuesday,FALSE,25005,FALSE
2025-02-25,7,Tuesday,FALSE,25229,FALSE
2025-02-25,8,Tuesday,FALSE,27554,FALSE
2025-02-25,9,Tuesday,FALSE,30819,FALSE
2025-02-25,10,Tuesday,FALSE,31508,FALSE
2025-02-25,11,Tuesday,FALSE,32139,FALSE
2025-02-25,12,Tuesday,FALSE,36954,TRUE
2025-02-25,13,Tuesday,FALSE,37591,TRUE
2025-02-25,14,Tuesday,FALSE,35009,FALSE
2025-02-25,15,Tuesday,FALSE,32962,FALSE
2025-02-25,16,Tuesday,FALSE,31216,FALSE
2025-02-25,17,Tuesday,FALSE,28305,FALSE
2025-02-25,18,Tuesday,FALSE,23006,FALSE
2025-02-25,19,Monday,FALSE,12982,FALSE
2025-02-25,20,Monday,FALSE,7161,FALSE
2025-02-25,21,Monday,FALSE,4753,FALSE
2025-02-25,22,Monday,FALSE,4303,FALSE
2025-02-25,23,Monday,FALSE,6920,FALSE
2025-02-26,0,Wednesday,FALSE,11832,FALSE
2025-02-26,1,Wednesday,FALSE,21867,FALSE
2025-02-26,2,Wednesday,FALSE,35564,FALSE
2025-02-26,3,Wednesday,FALSE,42325,TRUE
2025-02-26,4,Wednesday,FALSE,34974,FALSE
2025-02-26,5,Wednesday,FALSE,28939,FALSE
2025-02-26,6,Wednesday,FALSE,26359,FALSE
2025-02-26,7,Wednesday,FALSE,27118,FALSE
2025-02-26,8,Wednesday,FALSE,28705,FALSE
2025-02-26,9,Wednesday,FALSE,31974,FALSE
2025-02-26,10,Wednesday,FALSE,32545,FALSE
2025-02-26,11,Wednesday,FALSE,34553,FALSE
2025-02-26,12,Wednesday,FALSE,38772,TRUE
2025-02-26,13,Wednesday,FALSE,40189,TRUE
2025-02-26,14,Wednesday,FALSE,37673,TRUE
2025-02-26,15,Wednesday,FALSE,35933,FALSE
2025-02-26,16,Wednesday,FALSE,34845,FALSE
2025-02-26,17,Wednesday,FALSE,32399,FALSE
2025-02-26,18,Wednesday,FALSE,25951,FALSE
2025-02-26,19,Tuesday,FALSE,14072,FALSE
2025-02-26,20,Tuesday,FALSE,8221,FALSE
2025-02-26,21,Tuesday,FALSE,5512,FALSE
2025-02-26,22,Tuesday,FALSE,4781,FALSE
2025-02-26,23,Tuesday,FALSE,7487,FALSE
2025-02-27,0,Thursday,FALSE,12728,FALSE
2025-02-27,1,Thursday,FALSE,22575,FALSE
2025-02-27,2,Thursday,FALSE,37001,TRUE
2025-02-27,3,Thursday,FALSE,45763,TRUE
2025-02-27,4,Thursday,FALSE,38035,TRUE
2025-02-27,5,Thursday,FALSE,31380,FALSE
2025-02-27,6,Thursday,FALSE,29537,FALSE
2025-02-27,7,Thursday,FALSE,29888,FALSE
2025-02-27,8,Thursday,FALSE,31515,FALSE
2025-02-27,9,Thursday,FALSE,35333,FALSE
2025-02-27,10,Thursday,FALSE,35931,FALSE
2025-02-27,11,Thursday,FALSE,36512,FALSE
2025-02-27,12,Thursday,FALSE,39608,TRUE
2025-02-27,13,Thursday,FALSE,41023,TRUE
2025-02-27,14,Thursday,FALSE,39477,TRUE
2025-02-27,15,Thursday,FALSE,37635,TRUE
2025-02-27,16,Thursday,FALSE,36703,TRUE
2025-02-27,17,Thursday,FALSE,35289,FALSE
2025-02-27,18,Thursday,FALSE,29885,FALSE
2025-02-27,19,Wednesday,FALSE,16818,FALSE
2025-02-27,20,Wednesday,FALSE,9804,FALSE
2025-02-27,21,Wednesday,FALSE,6422,FALSE
2025-02-27,22,Wednesday,FALSE,5696,FALSE
2025-02-27,23,Wednesday,FALSE,8433,FALSE
2025-02-28,0,Friday,FALSE,12994,FALSE
2025-02-28,1,Friday,FALSE,22138,FALSE
2025-02-28,2,Friday,FALSE,34707,FALSE
2025-02-28,3,Friday,FALSE,42069,TRUE
2025-02-28,4,Friday,FALSE,35653,FALSE
2025-02-28,5,Friday,FALSE,30972,FALSE
2025-02-28,6,Friday,FALSE,29855,FALSE
2025-02-28,7,Friday,FALSE,30348,FALSE
2025-02-28,8,Friday,FALSE,32902,FALSE
2025-02-28,9,Friday,FALSE,36163,FALSE
2025-02-28,10,Friday,FALSE,36047,FALSE
2025-02-28,11,Friday,FALSE,37740,TRUE
2025-02-28,12,Friday,FALSE,41958,TRUE
2025-02-28,13,Friday,FALSE,45480,TRUE
2025-02-28,14,Friday,FALSE,46117,TRUE
2025-02-28,15,Friday,FALSE,43663,TRUE
2025-02-28,16,Friday,FALSE,42285,TRUE
2025-02-28,17,Friday,FALSE,44067,TRUE
2025-02-28,18,Friday,FALSE,42235,TRUE
2025-02-28,19,Thursday,FALSE,21451,FALSE
2025-02-28,20,Thursday,FALSE,13526,FALSE
2025-02-28,21,Thursday,FALSE,9096,FALSE
2025-02-28,22,Thursday,FALSE,7497,FALSE
2025-02-28,23,Thursday,FALSE,9511,FALSE
2025-03-01,0,Saturday,TRUE,12843,FALSE
2025-03-01,1,Saturday,TRUE,14669,FALSE
2025-03-01,2,Saturday,TRUE,18672,FALSE
2025-03-01,3,Saturday,TRUE,24237,FALSE
2025-03-01,4,Saturday,TRUE,28459,FALSE
2025-03-01,5,Saturday,TRUE,30894,FALSE
2025-03-01,6,Saturday,TRUE,32669,FALSE
2025-03-01,7,Saturday,TRUE,33719,FALSE
2025-03-01,8,Saturday,TRUE,35857,FALSE
2025-03-01,9,Saturday,TRUE,37902,TRUE
2025-03-01,10,Saturday,TRUE,38590,TRUE
2025-03-01,11,Saturday,TRUE,39554,TRUE
2025-03-01,12,Saturday,TRUE,40062,TRUE
2025-03-01,13,Saturday,TRUE,44008,TRUE
2025-03-01,14,Saturday,TRUE,49399,TRUE
2025-03-01,15,Saturday,TRUE,49483,TRUE
2025-03-01,16,Saturday,TRUE,48895,TRUE
2025-03-01,17,Saturday,TRUE,49791,TRUE
2025-03-01,18,Saturday,TRUE,48078,TRUE
2025-03-01,19,Friday,FALSE,35652,FALSE
2025-03-01,20,Friday,FALSE,27686,FALSE
2025-03-01,21,Friday,FALSE,21342,FALSE
2025-03-01,22,Friday,FALSE,15232,FALSE
2025-03-01,23,Friday,FALSE,12014,FALSE
2025-03-02,0,Sunday,TRUE,12826,FALSE
2025-03-02,1,Sunday,TRUE,14779,FALSE
2025-03-02,2,Sunday,TRUE,17651,FALSE
2025-03-02,3,Sunday,TRUE,21439,FALSE
2025-03-02,4,Sunday,TRUE,26925,FALSE
2025-03-02,5,Sunday,TRUE,32696,FALSE
2025-03-02,6,Sunday,TRUE,34379,FALSE
2025-03-02,7,Sunday,TRUE,34863,FALSE
2025-03-02,8,Sunday,TRUE,35450,FALSE
2025-03-02,9,Sunday,TRUE,36090,FALSE
2025-03-02,10,Sunday,TRUE,35445,FALSE
2025-03-02,11,Sunday,TRUE,34679,FALSE
2025-03-02,12,Sunday,TRUE,33128,FALSE
2025-03-02,13,Sunday,TRUE,35620,FALSE
2025-03-02,14,Sunday,TRUE,35913,FALSE
2025-03-02,15,Sunday,TRUE,32771,FALSE
2025-03-02,16,Sunday,TRUE,32088,FALSE
2025-03-02,17,Sunday,TRUE,30990,FALSE
2025-03-02,18,Sunday,TRUE,27351,FALSE
2025-03-02,19,Saturday,TRUE,41576,TRUE
2025-03-02,20,Saturday,TRUE,34822,FALSE
2025-03-02,21,Saturday,TRUE,26180,FALSE
2025-03-02,22,Saturday,TRUE,18300,FALSE
2025-03-02,23,Saturday,TRUE,14121,FALSE
2025-03-03,0,Monday,FALSE,12751,FALSE
2025-03-03,1,Monday,FALSE,22886,FALSE
2025-03-03,2,Monday,FALSE,35563,FALSE
2025-03-03,3,Monday,FALSE,43488,TRUE
2025-03-03,4,Monday,FALSE,35361,FALSE
2025-03-03,5,Monday,FALSE,28792,FALSE
2025-03-03,6,Monday,FALSE,26086,FALSE
2025-03-03,7,Monday,FALSE,25989,FALSE
2025-03-03,8,Monday,FALSE,27063,FALSE
2025-03-03,9,Monday,FALSE,30782,FALSE
2025-03-03,10,Monday,FALSE,31272,FALSE
2025-03-03,11,Monday,FALSE,32150,FALSE
2025-03-03,12,Monday,FALSE,34722,FALSE
2025-03-03,13,Monday,FALSE,35708,FALSE
2025-03-03,14,Monday,FALSE,32572,FALSE
2025-03-03,15,Monday,FALSE,30179,FALSE
2025-03-03,16,Monday,FALSE,28403,FALSE
2025-03-03,17,Monday,FALSE,25245,FALSE
2025-03-03,18,Monday,FALSE,20323,FALSE
2025-03-03,19,Sunday,TRUE,16646,FALSE
2025-03-03,20,Sunday,TRUE,8520,FALSE
2025-03-03,21,Sunday,TRUE,5662,FALSE
2025-03-03,22,Sunday,TRUE,5063,FALSE
2025-03-03,23,Sunday,TRUE,7721,FALSE
2025-03-04,0,Tuesday,FALSE,11572,FALSE
2025-03-04,1,Tuesday,FALSE,21249,FALSE
2025-03-04,2,Tuesday,FALSE,35740,FALSE
2025-03-04,3,Tuesday,FALSE,44173,TRUE
2025-03-04,4,Tuesday,FALSE,35351,FALSE
2025-03-04,5,Tuesday,FALSE,28711,FALSE
2025-03-04,6,Tuesday,FALSE,25862,FALSE
2025-03-04,7,Tuesday,FALSE,25736,FALSE
2025-03-04,8,Tuesday,FALSE,27235,FALSE
2025-03-04,9,Tuesday,FALSE,30683,FALSE
2025-03-04,10,Tuesday,FALSE,31405,FALSE
2025-03-04,11,Tuesday,FALSE,32470,FALSE
2025-03-04,12,Tuesday,FALSE,35625,FALSE
2025-03-04,13,Tuesday,FALSE,36591,FALSE
2025-03-04,14,Tuesday,FALSE,34190,FALSE
2025-03-04,15,Tuesday,FALSE,31608,FALSE
2025-03-04,16,Tuesday,FALSE,30786,FALSE
2025-03-04,17,Tuesday,FALSE,28371,FALSE
2025-03-04,18,Tuesday,FALSE,22501,FALSE
2025-03-04,19,Monday,FALSE,12934,FALSE
2025-03-04,20,Monday,FALSE,7143,FALSE
2025-03-04,21,Monday,FALSE,4782,FALSE
2025-03-04,22,Monday,FALSE,4191,FALSE
2025-03-04,23,Monday,FALSE,6671,FALSE
2025-03-05,0,Wednesday,FALSE,11889,FALSE
2025-03-05,1,Wednesday,FALSE,21667,FALSE
2025-03-05,2,Wednesday,FALSE,36176,FALSE
2025-03-05,3,Wednesday,FALSE,43333,TRUE
2025-03-05,4,Wednesday,FALSE,35516,FALSE
2025-03-05,5,Wednesday,FALSE,28826,FALSE
2025-03-05,6,Wednesday,FALSE,26665,FALSE
2025-03-05,7,Wednesday,FALSE,26473,FALSE
2025-03-05,8,Wednesday,FALSE,28937,FALSE
2025-03-05,9,Wednesday,FALSE,32658,FALSE
2025-03-05,10,Wednesday,FALSE,35616,FALSE
2025-03-05,11,Wednesday,FALSE,45324,TRUE
2025-03-05,12,Wednesday,FALSE,44247,TRUE
2025-03-05,13,Wednesday,FALSE,50277,TRUE
2025-03-05,14,Wednesday,FALSE,45260,TRUE
2025-03-05,15,Wednesday,FALSE,41979,TRUE
2025-03-05,16,Wednesday,FALSE,37914,TRUE
2025-03-05,17,Wednesday,FALSE,35357,FALSE
2025-03-05,18,Wednesday,FALSE,26998,FALSE
2025-03-05,19,Tuesday,FALSE,15025,FALSE
2025-03-05,20,Tuesday,FALSE,8401,FALSE
2025-03-05,21,Tuesday,FALSE,5602,FALSE
2025-03-05,22,Tuesday,FALSE,4841,FALSE
2025-03-05,23,Tuesday,FALSE,7102,FALSE
2025-03-06,0,Thursday,FALSE,12475,FALSE
2025-03-06,1,Thursday,FALSE,22182,FALSE
2025-03-06,2,Thursday,FALSE,35745,FALSE
2025-03-06,3,Thursday,FALSE,42055,TRUE
2025-03-06,4,Thursday,FALSE,35929,FALSE
2025-03-06,5,Thursday,FALSE,29592,FALSE
2025-03-06,6,Thursday,FALSE,28989,FALSE
2025-03-06,7,Thursday,FALSE,28322,FALSE
2025-03-06,8,Thursday,FALSE,28699,FALSE
2025-03-06,9,Thursday,FALSE,32000,FALSE
2025-03-06,10,Thursday,FALSE,34246,FALSE
2025-03-06,11,Thursday,FALSE,35699,FALSE
2025-03-06,12,Thursday,FALSE,38561,TRUE
2025-03-06,13,Thursday,FALSE,39912,TRUE
2025-03-06,14,Thursday,FALSE,40265,TRUE
2025-03-06,15,Thursday,FALSE,38762,TRUE
2025-03-06,16,Thursday,FALSE,38275,TRUE
2025-03-06,17,Thursday,FALSE,36952,TRUE
2025-03-06,18,Thursday,FALSE,31159,FALSE
2025-03-06,19,Wednesday,FALSE,16625,FALSE
2025-03-06,20,Wednesday,FALSE,9498,FALSE
2025-03-06,21,Wednesday,FALSE,5838,FALSE
2025-03-06,22,Wednesday,FALSE,5199,FALSE
2025-03-06,23,Wednesday,FALSE,7468,FALSE
2025-03-07,0,Friday,FALSE,13444,FALSE
2025-03-07,1,Friday,FALSE,22563,FALSE
2025-03-07,2,Friday,FALSE,36325,FALSE
2025-03-07,3,Friday,FALSE,42940,TRUE
2025-03-07,4,Friday,FALSE,35236,FALSE
2025-03-07,5,Friday,FALSE,30626,FALSE
2025-03-07,6,Friday,FALSE,29498,FALSE
2025-03-07,7,Friday,FALSE,30712,FALSE
2025-03-07,8,Friday,FALSE,32536,FALSE
2025-03-07,9,Friday,FALSE,35348,FALSE
2025-03-07,10,Friday,FALSE,35594,FALSE
2025-03-07,11,Friday,FALSE,36758,TRUE
2025-03-07,12,Friday,FALSE,40859,TRUE
2025-03-07,13,Friday,FALSE,43627,TRUE
2025-03-07,14,Friday,FALSE,46209,TRUE
2025-03-07,15,Friday,FALSE,42751,TRUE
2025-03-07,16,Friday,FALSE,41213,TRUE
2025-03-07,17,Friday,FALSE,43724,TRUE
2025-03-07,18,Friday,FALSE,42319,TRUE
2025-03-07,19,Thursday,FALSE,21653,FALSE
2025-03-07,20,Thursday,FALSE,13790,FALSE
2025-03-07,21,Thursday,FALSE,8856,FALSE
2025-03-07,22,Thursday,FALSE,7296,FALSE
2025-03-07,23,Thursday,FALSE,8891,FALSE
2025-03-08,0,Saturday,TRUE,11526,FALSE
2025-03-08,1,Saturday,TRUE,14157,FALSE
2025-03-08,2,Saturday,TRUE,18505,FALSE
2025-03-08,3,Saturday,TRUE,23077,FALSE
2025-03-08,4,Saturday,TRUE,27541,FALSE
2025-03-08,5,Saturday,TRUE,30272,FALSE
2025-03-08,6,Saturday,TRUE,32280,FALSE
2025-03-08,7,Saturday,TRUE,33352,FALSE
2025-03-08,8,Saturday,TRUE,35008,FALSE
2025-03-08,9,Saturday,TRUE,35784,FALSE
2025-03-08,10,Saturday,TRUE,36235,FALSE
2025-03-08,11,Saturday,TRUE,37214,TRUE
2025-03-08,12,Saturday,TRUE,40387,TRUE
2025-03-08,13,Saturday,TRUE,42977,TRUE
2025-03-08,14,Saturday,TRUE,48039,TRUE
2025-03-08,15,Saturday,TRUE,47310,TRUE
2025-03-08,16,Saturday,TRUE,46593,TRUE
2025-03-08,17,Saturday,TRUE,48664,TRUE
2025-03-08,18,Saturday,TRUE,47806,TRUE
2025-03-08,19,Friday,FALSE,35546,FALSE
2025-03-08,20,Friday,FALSE,27408,FALSE
2025-03-08,21,Friday,FALSE,20601,FALSE
2025-03-08,22,Friday,FALSE,15102,FALSE
2025-03-08,23,Friday,FALSE,12358,FALSE
2025-03-09,0,Sunday,TRUE,14734,FALSE
2025-03-09,1,Sunday,TRUE,15509,FALSE
2025-03-09,3,Sunday,TRUE,17080,FALSE
2025-03-09,4,Sunday,TRUE,19688,FALSE
2025-03-09,5,Sunday,TRUE,24369,FALSE
2025-03-09,6,Sunday,TRUE,29361,FALSE
2025-03-09,7,Sunday,TRUE,30960,FALSE
2025-03-09,8,Sunday,TRUE,31813,FALSE
2025-03-09,9,Sunday,TRUE,31894,FALSE
2025-03-09,10,Sunday,TRUE,33338,FALSE
2025-03-09,11,Sunday,TRUE,32343,FALSE
2025-03-09,12,Sunday,TRUE,31551,FALSE
2025-03-09,13,Sunday,TRUE,31768,FALSE
2025-03-09,14,Sunday,TRUE,30404,FALSE
2025-03-09,15,Sunday,TRUE,30441,FALSE
2025-03-09,16,Sunday,TRUE,30301,FALSE
2025-03-09,17,Sunday,TRUE,28517,FALSE
2025-03-09,18,Sunday,TRUE,27511,FALSE
2025-03-09,19,Sunday,TRUE,23059,FALSE
2025-03-09,19,Saturday,TRUE,41725,TRUE
2025-03-09,20,Saturday,TRUE,34386,FALSE
2025-03-09,21,Saturday,TRUE,85,FALSE
2025-03-09,22,Saturday,TRUE,26688,FALSE
2025-03-09,23,Saturday,TRUE,19422,FALSE
2025-03-10,0,Monday,FALSE,7664,FALSE
2025-03-10,1,Monday,FALSE,11664,FALSE
2025-03-10,2,Monday,FALSE,20507,FALSE
2025-03-10,3,Monday,FALSE,32967,FALSE
2025-03-10,4,Monday,FALSE,41612,TRUE
2025-03-10,5,Monday,FALSE,33587,FALSE
2025-03-10,6,Monday,FALSE,27455,FALSE
2025-03-10,7,Monday,FALSE,24500,FALSE
2025-03-10,8,Monday,FALSE,24133,FALSE
2025-03-10,9,Monday,FALSE,25509,FALSE
2025-03-10,10,Monday,FALSE,28508,FALSE
2025-03-10,11,Monday,FALSE,28949,FALSE
2025-03-10,12,Monday,FALSE,29371,FALSE
2025-03-10,13,Monday,FALSE,31551,FALSE
2025-03-10,14,Monday,FALSE,31111,FALSE
2025-03-10,15,Monday,FALSE,29698,FALSE
2025-03-10,16,Monday,FALSE,28021,FALSE
2025-03-10,17,Monday,FALSE,26734,FALSE
2025-03-10,18,Monday,FALSE,26294,FALSE
2025-03-10,19,Monday,FALSE,21310,FALSE
2025-03-10,20,Sunday,TRUE,15758,FALSE
2025-03-10,21,Sunday,TRUE,9281,FALSE
2025-03-10,22,Sunday,TRUE,6145,FALSE
2025-03-10,23,Sunday,TRUE,5431,FALSE
2025-03-11,0,Tuesday,FALSE,6612,FALSE
2025-03-11,1,Tuesday,FALSE,10653,FALSE
2025-03-11,2,Tuesday,FALSE,20137,FALSE
2025-03-11,3,Tuesday,FALSE,34650,FALSE
2025-03-11,4,Tuesday,FALSE,42634,TRUE
2025-03-11,5,Tuesday,FALSE,34708,FALSE
2025-03-11,6,Tuesday,FALSE,27732,FALSE
2025-03-11,7,Tuesday,FALSE,25133,FALSE
2025-03-11,8,Tuesday,FALSE,25616,FALSE
2025-03-11,9,Tuesday,FALSE,25953,FALSE
2025-03-11,10,Tuesday,FALSE,28970,FALSE
2025-03-11,11,Tuesday,FALSE,29671,FALSE
2025-03-11,12,Tuesday,FALSE,30970,FALSE
2025-03-11,13,Tuesday,FALSE,33922,FALSE
2025-03-11,14,Tuesday,FALSE,33887,FALSE
2025-03-11,15,Tuesday,FALSE,32986,FALSE
2025-03-11,16,Tuesday,FALSE,31413,FALSE
2025-03-11,17,Tuesday,FALSE,30283,FALSE
2025-03-11,18,Tuesday,FALSE,28908,FALSE
2025-03-11,19,Tuesday,FALSE,23168,FALSE
2025-03-11,20,Monday,FALSE,14185,FALSE
2025-03-11,21,Monday,FALSE,7923,FALSE
2025-03-11,22,Monday,FALSE,5260,FALSE
2025-03-11,23,Monday,FALSE,4574,FALSE
2025-03-12,0,Wednesday,FALSE,7311,FALSE
2025-03-12,1,Wednesday,FALSE,11344,FALSE
2025-03-12,2,Wednesday,FALSE,20761,FALSE
2025-03-12,3,Wednesday,FALSE,35301,FALSE
2025-03-12,4,Wednesday,FALSE,43975,TRUE
2025-03-12,5,Wednesday,FALSE,36645,FALSE
2025-03-12,6,Wednesday,FALSE,29841,FALSE
2025-03-12,7,Wednesday,FALSE,26815,FALSE
2025-03-12,8,Wednesday,FALSE,27072,FALSE
2025-03-12,9,Wednesday,FALSE,28125,FALSE
2025-03-12,10,Wednesday,FALSE,31760,FALSE
2025-03-12,11,Wednesday,FALSE,31496,FALSE
2025-03-12,12,Wednesday,FALSE,32922,FALSE
2025-03-12,13,Wednesday,FALSE,36578,FALSE
2025-03-12,14,Wednesday,FALSE,36427,FALSE
2025-03-12,15,Wednesday,FALSE,36260,FALSE
2025-03-12,16,Wednesday,FALSE,34813,FALSE
2025-03-12,17,Wednesday,FALSE,33503,FALSE
2025-03-12,18,Wednesday,FALSE,32054,FALSE
2025-03-12,19,Wednesday,FALSE,25778,FALSE
2025-03-12,20,Tuesday,FALSE,14954,FALSE
2025-03-12,21,Tuesday,FALSE,8389,FALSE
2025-03-12,22,Tuesday,FALSE,5826,FALSE
2025-03-12,23,Tuesday,FALSE,4976,FALSE
2025-03-13,0,Thursday,FALSE,8229,FALSE
2025-03-13,1,Thursday,FALSE,12221,FALSE
2025-03-13,2,Thursday,FALSE,21641,FALSE
2025-03-13,3,Thursday,FALSE,36273,FALSE
2025-03-13,4,Thursday,FALSE,44334,TRUE
2025-03-13,5,Thursday,FALSE,37712,TRUE
2025-03-13,6,Thursday,FALSE,30594,FALSE
2025-03-13,7,Thursday,FALSE,28772,FALSE
2025-03-13,8,Thursday,FALSE,29055,FALSE
2025-03-13,9,Thursday,FALSE,29984,FALSE
2025-03-13,10,Thursday,FALSE,33889,FALSE
2025-03-13,11,Thursday,FALSE,35550,FALSE
2025-03-13,12,Thursday,FALSE,35669,FALSE
2025-03-13,13,Thursday,FALSE,39346,TRUE
2025-03-13,14,Thursday,FALSE,40249,TRUE
2025-03-13,15,Thursday,FALSE,40758,TRUE
2025-03-13,16,Thursday,FALSE,37866,TRUE
2025-03-13,17,Thursday,FALSE,37738,TRUE
2025-03-13,18,Thursday,FALSE,37659,TRUE
2025-03-13,19,Thursday,FALSE,31804,FALSE
2025-03-13,20,Wednesday,FALSE,16948,FALSE
2025-03-13,21,Wednesday,FALSE,9920,FALSE
2025-03-13,22,Wednesday,FALSE,6563,FALSE
2025-03-13,23,Wednesday,FALSE,5785,FALSE
2025-03-14,0,Friday,FALSE,9551,FALSE
2025-03-14,1,Friday,FALSE,12844,FALSE
2025-03-14,2,Friday,FALSE,21396,FALSE
2025-03-14,3,Friday,FALSE,35115,FALSE
2025-03-14,4,Friday,FALSE,43125,TRUE
2025-03-14,5,Friday,FALSE,35554,FALSE
2025-03-14,6,Friday,FALSE,30984,FALSE
2025-03-14,7,Friday,FALSE,29822,FALSE
2025-03-14,8,Friday,FALSE,30216,FALSE
2025-03-14,9,Friday,FALSE,31774,FALSE
2025-03-14,10,Friday,FALSE,36266,FALSE
2025-03-14,11,Friday,FALSE,36305,FALSE
2025-03-14,12,Friday,FALSE,37423,TRUE
2025-03-14,13,Friday,FALSE,41564,TRUE
2025-03-14,14,Friday,FALSE,42697,TRUE
2025-03-14,15,Friday,FALSE,42956,TRUE
2025-03-14,16,Friday,FALSE,42433,TRUE
2025-03-14,17,Friday,FALSE,42236,TRUE
2025-03-14,18,Friday,FALSE,44043,TRUE
2025-03-14,19,Friday,FALSE,43416,TRUE
2025-03-14,20,Thursday,FALSE,23771,FALSE
2025-03-14,21,Thursday,FALSE,15417,FALSE
2025-03-14,22,Thursday,FALSE,10036,FALSE
2025-03-14,23,Thursday,FALSE,8112,FALSE
2025-03-15,0,Saturday,TRUE,13483,FALSE
2025-03-15,1,Saturday,TRUE,11822,FALSE
2025-03-15,2,Saturday,TRUE,14334,FALSE
2025-03-15,3,Saturday,TRUE,18762,FALSE
2025-03-15,4,Saturday,TRUE,24318,FALSE
2025-03-15,5,Saturday,TRUE,29372,FALSE
2025-03-15,6,Saturday,TRUE,32092,FALSE
2025-03-15,7,Saturday,TRUE,34768,FALSE
2025-03-15,8,Saturday,TRUE,35512,FALSE
2025-03-15,9,Saturday,TRUE,36668,FALSE
2025-03-15,10,Saturday,TRUE,38273,TRUE
2025-03-15,11,Saturday,TRUE,38707,TRUE
2025-03-15,12,Saturday,TRUE,39386,TRUE
2025-03-15,13,Saturday,TRUE,41308,TRUE
2025-03-15,14,Saturday,TRUE,41942,TRUE
2025-03-15,15,Saturday,TRUE,42276,TRUE
2025-03-15,16,Saturday,TRUE,45466,TRUE
2025-03-15,17,Saturday,TRUE,44880,TRUE
2025-03-15,18,Saturday,TRUE,46715,TRUE
2025-03-15,19,Saturday,TRUE,45999,TRUE
2025-03-15,20,Friday,FALSE,37083,TRUE
2025-03-15,21,Friday,FALSE,28242,FALSE
2025-03-15,22,Friday,FALSE,21439,FALSE
2025-03-15,23,Friday,FALSE,16294,FALSE
2025-03-16,0,Sunday,TRUE,14915,FALSE
2025-03-16,1,Sunday,TRUE,12562,FALSE
2025-03-16,2,Sunday,TRUE,14651,FALSE
2025-03-16,3,Sunday,TRUE,17546,FALSE
2025-03-16,4,Sunday,TRUE,19134,FALSE
2025-03-16,5,Sunday,TRUE,24360,FALSE
2025-03-16,6,Sunday,TRUE,28380,FALSE
2025-03-16,7,Sunday,TRUE,29296,FALSE
2025-03-16,8,Sunday,TRUE,30212,FALSE
2025-03-16,9,Sunday,TRUE,30598,FALSE
2025-03-16,10,Sunday,TRUE,32844,FALSE
2025-03-16,11,Sunday,TRUE,32973,FALSE
2025-03-16,12,Sunday,TRUE,32209,FALSE
2025-03-16,13,Sunday,TRUE,32879,FALSE
2025-03-16,14,Sunday,TRUE,32044,FALSE
2025-03-16,15,Sunday,TRUE,30458,FALSE
2025-03-16,16,Sunday,TRUE,30626,FALSE
2025-03-16,17,Sunday,TRUE,29310,FALSE
2025-03-16,18,Sunday,TRUE,28818,FALSE
2025-03-16,19,Sunday,TRUE,22465,FALSE
2025-03-16,20,Saturday,TRUE,40558,TRUE
2025-03-16,21,Saturday,TRUE,31992,FALSE
2025-03-16,22,Saturday,TRUE,25400,FALSE
2025-03-16,23,Saturday,TRUE,19234,FALSE
2025-03-17,0,Monday,FALSE,8563,FALSE
2025-03-17,1,Monday,FALSE,12695,FALSE
2025-03-17,2,Monday,FALSE,22858,FALSE
2025-03-17,3,Monday,FALSE,34078,FALSE
2025-03-17,4,Monday,FALSE,42527,TRUE
2025-03-17,5,Monday,FALSE,34381,FALSE
2025-03-17,6,Monday,FALSE,27115,FALSE
2025-03-17,7,Monday,FALSE,26075,FALSE
2025-03-17,8,Monday,FALSE,25713,FALSE
2025-03-17,9,Monday,FALSE,26199,FALSE
2025-03-17,10,Monday,FALSE,28956,FALSE
2025-03-17,11,Monday,FALSE,29378,FALSE
2025-03-17,12,Monday,FALSE,30366,FALSE
2025-03-17,13,Monday,FALSE,32122,FALSE
2025-03-17,14,Monday,FALSE,32688,FALSE
2025-03-17,15,Monday,FALSE,30273,FALSE
2025-03-17,16,Monday,FALSE,29566,FALSE
2025-03-17,17,Monday,FALSE,28843,FALSE
2025-03-17,18,Monday,FALSE,27326,FALSE
2025-03-17,19,Monday,FALSE,22148,FALSE
2025-03-17,20,Sunday,TRUE,15729,FALSE
2025-03-17,21,Sunday,TRUE,11118,FALSE
2025-03-17,22,Sunday,TRUE,7670,FALSE
2025-03-17,23,Sunday,TRUE,6652,FALSE
2025-03-18,0,Tuesday,FALSE,7357,FALSE
2025-03-18,1,Tuesday,FALSE,11354,FALSE
2025-03-18,2,Tuesday,FALSE,20864,FALSE
2025-03-18,3,Tuesday,FALSE,34627,FALSE
2025-03-18,4,Tuesday,FALSE,42402,TRUE
2025-03-18,5,Tuesday,FALSE,35102,FALSE
2025-03-18,6,Tuesday,FALSE,28135,FALSE
2025-03-18,7,Tuesday,FALSE,25698,FALSE
2025-03-18,8,Tuesday,FALSE,25207,FALSE
2025-03-18,9,Tuesday,FALSE,26328,FALSE
2025-03-18,10,Tuesday,FALSE,29895,FALSE
2025-03-18,11,Tuesday,FALSE,29872,FALSE
2025-03-18,12,Tuesday,FALSE,30468,FALSE
2025-03-18,13,Tuesday,FALSE,33708,FALSE
2025-03-18,14,Tuesday,FALSE,33183,FALSE
2025-03-18,15,Tuesday,FALSE,31696,FALSE
2025-03-18,16,Tuesday,FALSE,31424,FALSE
2025-03-18,17,Tuesday,FALSE,30239,FALSE
2025-03-18,18,Tuesday,FALSE,28716,FALSE
2025-03-18,19,Tuesday,FALSE,23252,FALSE
2025-03-18,20,Monday,FALSE,15501,FALSE
2025-03-18,21,Monday,FALSE,8619,FALSE
2025-03-18,22,Monday,FALSE,5868,FALSE
2025-03-18,23,Monday,FALSE,5389,FALSE
2025-03-19,0,Wednesday,FALSE,7498,FALSE
2025-03-19,1,Wednesday,FALSE,11708,FALSE
2025-03-19,2,Wednesday,FALSE,21409,FALSE
2025-03-19,3,Wednesday,FALSE,34887,FALSE
2025-03-19,4,Wednesday,FALSE,43073,TRUE
2025-03-19,5,Wednesday,FALSE,36150,FALSE
2025-03-19,6,Wednesday,FALSE,28132,FALSE
2025-03-19,7,Wednesday,FALSE,25916,FALSE
2025-03-19,8,Wednesday,FALSE,26217,FALSE
2025-03-19,9,Wednesday,FALSE,27001,FALSE
2025-03-19,10,Wednesday,FALSE,30723,FALSE
2025-03-19,11,Wednesday,FALSE,30410,FALSE
2025-03-19,12,Wednesday,FALSE,31429,FALSE
2025-03-19,13,Wednesday,FALSE,35496,FALSE
2025-03-19,14,Wednesday,FALSE,35885,FALSE
2025-03-19,15,Wednesday,FALSE,34774,FALSE
2025-03-19,16,Wednesday,FALSE,34532,FALSE
2025-03-19,17,Wednesday,FALSE,33002,FALSE
2025-03-19,18,Wednesday,FALSE,31610,FALSE
2025-03-19,19,Wednesday,FALSE,25688,FALSE
2025-03-19,20,Tuesday,FALSE,15247,FALSE
2025-03-19,21,Tuesday,FALSE,8753,FALSE
2025-03-19,22,Tuesday,FALSE,5726,FALSE
2025-03-19,23,Tuesday,FALSE,5146,FALSE
2025-03-20,0,Thursday,FALSE,8257,FALSE
2025-03-20,1,Thursday,FALSE,12272,FALSE
2025-03-20,2,Thursday,FALSE,21685,FALSE
2025-03-20,3,Thursday,FALSE,35500,FALSE
2025-03-20,4,Thursday,FALSE,43548,TRUE
2025-03-20,5,Thursday,FALSE,37655,TRUE
2025-03-20,6,Thursday,FALSE,30703,FALSE
2025-03-20,7,Thursday,FALSE,28274,FALSE
2025-03-20,8,Thursday,FALSE,28297,FALSE
2025-03-20,9,Thursday,FALSE,29264,FALSE
2025-03-20,10,Thursday,FALSE,32677,FALSE
2025-03-20,11,Thursday,FALSE,33020,FALSE
2025-03-20,12,Thursday,FALSE,34358,FALSE
2025-03-20,13,Thursday,FALSE,38682,TRUE
2025-03-20,14,Thursday,FALSE,38395,TRUE
2025-03-20,15,Thursday,FALSE,37594,TRUE
2025-03-20,16,Thursday,FALSE,39647,TRUE
2025-03-20,17,Thursday,FALSE,44922,TRUE
2025-03-20,18,Thursday,FALSE,45606,TRUE
2025-03-20,19,Thursday,FALSE,37886,TRUE
2025-03-20,20,Wednesday,FALSE,17400,FALSE
2025-03-20,21,Wednesday,FALSE,10049,FALSE
2025-03-20,22,Wednesday,FALSE,6531,FALSE
2025-03-20,23,Wednesday,FALSE,5687,FALSE
2025-03-21,0,Friday,FALSE,9258,FALSE
2025-03-21,1,Friday,FALSE,12730,FALSE
2025-03-21,2,Friday,FALSE,21664,FALSE
2025-03-21,3,Friday,FALSE,33956,FALSE
2025-03-21,4,Friday,FALSE,40931,TRUE
2025-03-21,5,Friday,FALSE,34315,FALSE
2025-03-21,6,Friday,FALSE,30285,FALSE
2025-03-21,7,Friday,FALSE,29710,FALSE
2025-03-21,8,Friday,FALSE,30452,FALSE
2025-03-21,9,Friday,FALSE,30905,FALSE
2025-03-21,10,Friday,FALSE,34285,FALSE
2025-03-21,11,Friday,FALSE,34055,FALSE
2025-03-21,12,Friday,FALSE,35302,FALSE
2025-03-21,13,Friday,FALSE,39744,TRUE
2025-03-21,14,Friday,FALSE,42486,TRUE
2025-03-21,15,Friday,FALSE,42835,TRUE
2025-03-21,16,Friday,FALSE,42188,TRUE
2025-03-21,17,Friday,FALSE,40959,TRUE
2025-03-21,18,Friday,FALSE,43931,TRUE
2025-03-21,19,Friday,FALSE,41819,TRUE
2025-03-21,20,Thursday,FALSE,24923,FALSE
2025-03-21,21,Thursday,FALSE,14858,FALSE
2025-03-21,22,Thursday,FALSE,10093,FALSE
2025-03-21,23,Thursday,FALSE,7515,FALSE
2025-03-22,0,Saturday,TRUE,13786,FALSE
2025-03-22,1,Saturday,TRUE,12472,FALSE
2025-03-22,2,Saturday,TRUE,14762,FALSE
2025-03-22,3,Saturday,TRUE,17952,FALSE
2025-03-22,4,Saturday,TRUE,22923,FALSE
2025-03-22,5,Saturday,TRUE,27690,FALSE
2025-03-22,6,Saturday,TRUE,29384,FALSE
2025-03-22,7,Saturday,TRUE,30781,FALSE
2025-03-22,8,Saturday,TRUE,32137,FALSE
2025-03-22,9,Saturday,TRUE,32635,FALSE
2025-03-22,10,Saturday,TRUE,34811,FALSE
2025-03-22,11,Saturday,TRUE,35386,FALSE
2025-03-22,12,Saturday,TRUE,35661,FALSE
2025-03-22,13,Saturday,TRUE,38239,TRUE
2025-03-22,14,Saturday,TRUE,40466,TRUE
2025-03-22,15,Saturday,TRUE,42126,TRUE
2025-03-22,16,Saturday,TRUE,46237,TRUE
2025-03-22,17,Saturday,TRUE,44791,TRUE
2025-03-22,18,Saturday,TRUE,47030,TRUE
2025-03-22,19,Saturday,TRUE,46773,TRUE
2025-03-22,20,Friday,FALSE,37041,TRUE
2025-03-22,21,Friday,FALSE,27984,FALSE
2025-03-22,22,Friday,FALSE,21683,FALSE
2025-03-22,23,Friday,FALSE,16636,FALSE
2025-03-23,0,Sunday,TRUE,14334,FALSE
2025-03-23,1,Sunday,TRUE,11931,FALSE
2025-03-23,2,Sunday,TRUE,14179,FALSE
2025-03-23,3,Sunday,TRUE,16711,FALSE
2025-03-23,4,Sunday,TRUE,19645,FALSE
2025-03-23,5,Sunday,TRUE,24976,FALSE
2025-03-23,6,Sunday,TRUE,29765,FALSE
2025-03-23,7,Sunday,TRUE,31739,FALSE
2025-03-23,8,Sunday,TRUE,31977,FALSE
2025-03-23,9,Sunday,TRUE,31770,FALSE
2025-03-23,10,Sunday,TRUE,32636,FALSE
2025-03-23,11,Sunday,TRUE,32275,FALSE
2025-03-23,12,Sunday,TRUE,31486,FALSE
2025-03-23,13,Sunday,TRUE,31611,FALSE
2025-03-23,14,Sunday,TRUE,31154,FALSE
2025-03-23,15,Sunday,TRUE,29836,FALSE
2025-03-23,16,Sunday,TRUE,31526,FALSE
2025-03-23,17,Sunday,TRUE,29571,FALSE
2025-03-23,18,Sunday,TRUE,28208,FALSE
2025-03-23,19,Sunday,TRUE,23599,FALSE
2025-03-23,20,Saturday,TRUE,41454,TRUE
2025-03-23,21,Saturday,TRUE,32544,FALSE
2025-03-23,22,Saturday,TRUE,24857,FALSE
2025-03-23,23,Saturday,TRUE,18668,FALSE
2025-03-24,0,Monday,FALSE,7897,FALSE
2025-03-24,1,Monday,FALSE,12273,FALSE
2025-03-24,2,Monday,FALSE,22774,FALSE
2025-03-24,3,Monday,FALSE,34722,FALSE
2025-03-24,4,Monday,FALSE,44001,TRUE
2025-03-24,5,Monday,FALSE,37816,TRUE
2025-03-24,6,Monday,FALSE,32521,FALSE
2025-03-24,7,Monday,FALSE,28994,FALSE
2025-03-24,8,Monday,FALSE,27373,FALSE
2025-03-24,9,Monday,FALSE,30054,FALSE
2025-03-24,10,Monday,FALSE,35311,FALSE
2025-03-24,11,Monday,FALSE,35043,FALSE
2025-03-24,12,Monday,FALSE,35989,FALSE
2025-03-24,13,Monday,FALSE,33849,FALSE
2025-03-24,14,Monday,FALSE,30293,FALSE
2025-03-24,15,Monday,FALSE,28081,FALSE
2025-03-24,16,Monday,FALSE,27253,FALSE
2025-03-24,17,Monday,FALSE,25871,FALSE
2025-03-24,18,Monday,FALSE,23944,FALSE
2025-03-24,19,Monday,FALSE,19596,FALSE
2025-03-24,20,Sunday,TRUE,15326,FALSE
2025-03-24,21,Sunday,TRUE,9151,FALSE
2025-03-24,22,Sunday,TRUE,5712,FALSE
2025-03-24,23,Sunday,TRUE,5338,FALSE
2025-03-25,0,Tuesday,FALSE,6772,FALSE
2025-03-25,1,Tuesday,FALSE,10710,FALSE
2025-03-25,2,Tuesday,FALSE,20014,FALSE
2025-03-25,3,Tuesday,FALSE,32714,FALSE
2025-03-25,4,Tuesday,FALSE,39275,TRUE
2025-03-25,5,Tuesday,FALSE,33539,FALSE
2025-03-25,6,Tuesday,FALSE,26973,FALSE
2025-03-25,7,Tuesday,FALSE,24639,FALSE
2025-03-25,8,Tuesday,FALSE,24341,FALSE
2025-03-25,9,Tuesday,FALSE,25655,FALSE
2025-03-25,10,Tuesday,FALSE,28446,FALSE
2025-03-25,11,Tuesday,FALSE,28898,FALSE
2025-03-25,12,Tuesday,FALSE,29747,FALSE
2025-03-25,13,Tuesday,FALSE,32630,FALSE
2025-03-25,14,Tuesday,FALSE,32428,FALSE
2025-03-25,15,Tuesday,FALSE,31142,FALSE
2025-03-25,16,Tuesday,FALSE,31059,FALSE
2025-03-25,17,Tuesday,FALSE,29394,FALSE
2025-03-25,18,Tuesday,FALSE,28636,FALSE
2025-03-25,19,Tuesday,FALSE,22280,FALSE
2025-03-25,20,Monday,FALSE,12951,FALSE
2025-03-25,21,Monday,FALSE,7440,FALSE
2025-03-25,22,Monday,FALSE,4769,FALSE
2025-03-25,23,Monday,FALSE,4236,FALSE
2025-03-26,0,Wednesday,FALSE,7408,FALSE
2025-03-26,1,Wednesday,FALSE,11453,FALSE
2025-03-26,2,Wednesday,FALSE,20687,FALSE
2025-03-26,3,Wednesday,FALSE,33485,FALSE
2025-03-26,4,Wednesday,FALSE,40666,TRUE
2025-03-26,5,Wednesday,FALSE,34366,FALSE
2025-03-26,6,Wednesday,FALSE,27673,FALSE
2025-03-26,7,Wednesday,FALSE,25146,FALSE
2025-03-26,8,Wednesday,FALSE,25168,FALSE
2025-03-26,9,Wednesday,FALSE,27895,FALSE
2025-03-26,10,Wednesday,FALSE,32444,FALSE
2025-03-26,11,Wednesday,FALSE,31177,FALSE
2025-03-26,12,Wednesday,FALSE,32060,FALSE
2025-03-26,13,Wednesday,FALSE,35389,FALSE
2025-03-26,14,Wednesday,FALSE,35971,FALSE
2025-03-26,15,Wednesday,FALSE,34497,FALSE
2025-03-26,16,Wednesday,FALSE,33868,FALSE
2025-03-26,17,Wednesday,FALSE,31968,FALSE
2025-03-26,18,Wednesday,FALSE,31252,FALSE
2025-03-26,19,Wednesday,FALSE,25424,FALSE
2025-03-26,20,Tuesday,FALSE,14775,FALSE
2025-03-26,21,Tuesday,FALSE,8775,FALSE
2025-03-26,22,Tuesday,FALSE,5680,FALSE
2025-03-26,23,Tuesday,FALSE,5034,FALSE
2025-03-27,0,Thursday,FALSE,8110,FALSE
2025-03-27,1,Thursday,FALSE,12214,FALSE
2025-03-27,2,Thursday,FALSE,21234,FALSE
2025-03-27,3,Thursday,FALSE,34069,FALSE
2025-03-27,4,Thursday,FALSE,41532,TRUE
2025-03-27,5,Thursday,FALSE,35286,FALSE
2025-03-27,6,Thursday,FALSE,29087,FALSE
2025-03-27,7,Thursday,FALSE,27068,FALSE
2025-03-27,8,Thursday,FALSE,27145,FALSE
2025-03-27,9,Thursday,FALSE,28493,FALSE
2025-03-27,10,Thursday,FALSE,31292,FALSE
2025-03-27,11,Thursday,FALSE,31639,FALSE
2025-03-27,12,Thursday,FALSE,32867,FALSE
2025-03-27,13,Thursday,FALSE,36575,FALSE
2025-03-27,14,Thursday,FALSE,37151,TRUE
2025-03-27,15,Thursday,FALSE,36458,FALSE
2025-03-27,16,Thursday,FALSE,36356,FALSE
2025-03-27,17,Thursday,FALSE,35756,FALSE
2025-03-27,18,Thursday,FALSE,34588,FALSE
2025-03-27,19,Thursday,FALSE,29919,FALSE
2025-03-27,20,Wednesday,FALSE,17099,FALSE
2025-03-27,21,Wednesday,FALSE,9678,FALSE
2025-03-27,22,Wednesday,FALSE,6341,FALSE
2025-03-27,23,Wednesday,FALSE,5692,FALSE
2025-03-28,0,Friday,FALSE,9297,FALSE
2025-03-28,1,Friday,FALSE,12580,FALSE
2025-03-28,2,Friday,FALSE,21063,FALSE
2025-03-28,3,Friday,FALSE,33554,FALSE
2025-03-28,4,Friday,FALSE,39314,TRUE
2025-03-28,5,Friday,FALSE,32990,FALSE
2025-03-28,6,Friday,FALSE,28363,FALSE
2025-03-28,7,Friday,FALSE,26969,FALSE
2025-03-28,8,Friday,FALSE,28021,FALSE
2025-03-28,9,Friday,FALSE,29882,FALSE
2025-03-28,10,Friday,FALSE,33151,FALSE
2025-03-28,11,Friday,FALSE,33107,FALSE
2025-03-28,12,Friday,FALSE,34914,FALSE
2025-03-28,13,Friday,FALSE,38644,TRUE
2025-03-28,14,Friday,FALSE,41413,TRUE
2025-03-28,15,Friday,FALSE,41064,TRUE
2025-03-28,16,Friday,FALSE,45417,TRUE
2025-03-28,17,Friday,FALSE,40751,TRUE
2025-03-28,18,Friday,FALSE,41628,TRUE
2025-03-28,19,Friday,FALSE,40778,TRUE
2025-03-28,20,Thursday,FALSE,21620,FALSE
2025-03-28,21,Thursday,FALSE,14054,FALSE
2025-03-28,22,Thursday,FALSE,9126,FALSE
2025-03-28,23,Thursday,FALSE,7461,FALSE
2025-03-29,0,Saturday,TRUE,12123,FALSE
2025-03-29,1,Saturday,TRUE,10913,FALSE
2025-03-29,2,Saturday,TRUE,13666,FALSE
2025-03-29,3,Saturday,TRUE,17307,FALSE
2025-03-29,4,Saturday,TRUE,21883,FALSE
2025-03-29,5,Saturday,TRUE,26915,FALSE
2025-03-29,6,Saturday,TRUE,29328,FALSE
2025-03-29,7,Saturday,TRUE,31745,FALSE
2025-03-29,8,Saturday,TRUE,33636,FALSE
2025-03-29,9,Saturday,TRUE,34865,FALSE
2025-03-29,10,Saturday,TRUE,36682,TRUE
2025-03-29,11,Saturday,TRUE,36859,TRUE
2025-03-29,12,Saturday,TRUE,37642,TRUE
2025-03-29,13,Saturday,TRUE,42092,TRUE
2025-03-29,14,Saturday,TRUE,42455,TRUE
2025-03-29,15,Saturday,TRUE,41741,TRUE
2025-03-29,16,Saturday,TRUE,45445,TRUE
2025-03-29,17,Saturday,TRUE,45979,TRUE
2025-03-29,18,Saturday,TRUE,45826,TRUE
2025-03-29,19,Saturday,TRUE,43170,TRUE
2025-03-29,20,Friday,FALSE,34418,FALSE
2025-03-29,21,Friday,FALSE,26507,FALSE
2025-03-29,22,Friday,FALSE,19880,FALSE
2025-03-29,23,Friday,FALSE,14956,FALSE
2025-03-30,0,Sunday,TRUE,14300,FALSE
2025-03-30,1,Sunday,TRUE,11169,FALSE
2025-03-30,2,Sunday,TRUE,12046,FALSE
2025-03-30,3,Sunday,TRUE,15512,FALSE
2025-03-30,4,Sunday,TRUE,18780,FALSE
2025-03-30,5,Sunday,TRUE,23512,FALSE
2025-03-30,6,Sunday,TRUE,27472,FALSE
2025-03-30,7,Sunday,TRUE,28739,FALSE
2025-03-30,8,Sunday,TRUE,28786,FALSE
2025-03-30,9,Sunday,TRUE,28945,FALSE
2025-03-30,10,Sunday,TRUE,29134,FALSE
2025-03-30,11,Sunday,TRUE,29301,FALSE
2025-03-30,12,Sunday,TRUE,28865,FALSE
2025-03-30,13,Sunday,TRUE,29236,FALSE
2025-03-30,14,Sunday,TRUE,29464,FALSE
2025-03-30,15,Sunday,TRUE,28978,FALSE
2025-03-30,16,Sunday,TRUE,27750,FALSE
2025-03-30,17,Sunday,TRUE,26178,FALSE
2025-03-30,18,Sunday,TRUE,25462,FALSE
2025-03-30,19,Sunday,TRUE,21883,FALSE
2025-03-30,20,Saturday,TRUE,38525,TRUE
2025-03-30,21,Saturday,TRUE,30895,FALSE
2025-03-30,22,Saturday,TRUE,23408,FALSE
2025-03-30,23,Saturday,TRUE,17859,FALSE
2025-03-31,0,Monday,FALSE,7864,FALSE
2025-03-31,1,Monday,FALSE,11204,FALSE
2025-03-31,2,Monday,FALSE,18514,FALSE
2025-03-31,3,Monday,FALSE,26888,FALSE
2025-03-31,4,Monday,FALSE,33715,FALSE
2025-03-31,5,Monday,FALSE,31585,FALSE
2025-03-31,6,Monday,FALSE,25498,FALSE
2025-03-31,7,Monday,FALSE,24091,FALSE
2025-03-31,8,Monday,FALSE,24087,FALSE
2025-03-31,9,Monday,FALSE,24376,FALSE
2025-03-31,10,Monday,FALSE,26524,FALSE
2025-03-31,11,Monday,FALSE,26963,FALSE
2025-03-31,12,Monday,FALSE,27836,FALSE
2025-03-31,13,Monday,FALSE,32354,FALSE
2025-03-31,14,Monday,FALSE,35266,FALSE
2025-03-31,15,Monday,FALSE,31231,FALSE
2025-03-31,16,Monday,FALSE,28001,FALSE
2025-03-31,17,Monday,FALSE,30846,FALSE
2025-03-31,18,Monday,FALSE,30479,FALSE
2025-03-31,19,Monday,FALSE,21833,FALSE
2025-03-31,20,Sunday,TRUE,15674,FALSE
2025-03-31,21,Sunday,TRUE,10060,FALSE
2025-03-31,22,Sunday,TRUE,6720,FALSE
2025-03-31,23,Sunday,TRUE,5639,FALSE
2025-04-01,0,Tuesday,FALSE,6929,FALSE
2025-04-01,1,Tuesday,FALSE,10636,FALSE
2025-04-01,2,Tuesday,FALSE,19989,FALSE
2025-04-01,3,Tuesday,FALSE,33372,FALSE
2025-04-01,4,Tuesday,FALSE,40749,TRUE
2025-04-01,5,Tuesday,FALSE,33953,FALSE
2025-04-01,6,Tuesday,FALSE,27590,FALSE
2025-04-01,7,Tuesday,FALSE,25050,FALSE
2025-04-01,8,Tuesday,FALSE,24834,FALSE
2025-04-01,9,Tuesday,FALSE,25966,FALSE
2025-04-01,10,Tuesday,FALSE,28403,FALSE
2025-04-01,11,Tuesday,FALSE,29580,FALSE
2025-04-01,12,Tuesday,FALSE,30486,FALSE
2025-04-01,13,Tuesday,FALSE,34501,FALSE
2025-04-01,14,Tuesday,FALSE,35545,FALSE
2025-04-01,15,Tuesday,FALSE,32474,FALSE
2025-04-01,16,Tuesday,FALSE,32474,FALSE
2025-04-01,17,Tuesday,FALSE,31697,FALSE
2025-04-01,18,Tuesday,FALSE,30156,FALSE
2025-04-01,19,Tuesday,FALSE,23905,FALSE
2025-04-01,20,Monday,FALSE,14998,FALSE
2025-04-01,21,Monday,FALSE,9110,FALSE
2025-04-01,22,Monday,FALSE,6243,FALSE
2025-04-01,23,Monday,FALSE,4814,FALSE
2025-04-02,0,Wednesday,FALSE,7142,FALSE
2025-04-02,1,Wednesday,FALSE,11316,FALSE
2025-04-02,2,Wednesday,FALSE,20903,FALSE
2025-04-02,3,Wednesday,FALSE,34170,FALSE
2025-04-02,4,Wednesday,FALSE,42586,TRUE
2025-04-02,5,Wednesday,FALSE,35303,FALSE
2025-04-02,6,Wednesday,FALSE,28667,FALSE
2025-04-02,7,Wednesday,FALSE,26483,FALSE
2025-04-02,8,Wednesday,FALSE,26394,FALSE
2025-04-02,9,Wednesday,FALSE,27353,FALSE
2025-04-02,10,Wednesday,FALSE,31095,FALSE
2025-04-02,11,Wednesday,FALSE,32048,FALSE
2025-04-02,12,Wednesday,FALSE,34480,FALSE
2025-04-02,13,Wednesday,FALSE,39014,TRUE
2025-04-02,14,Wednesday,FALSE,40082,TRUE
2025-04-02,15,Wednesday,FALSE,40542,TRUE
2025-04-02,16,Wednesday,FALSE,35975,FALSE
2025-04-02,17,Wednesday,FALSE,35418,FALSE
2025-04-02,18,Wednesday,FALSE,32320,FALSE
2025-04-02,19,Wednesday,FALSE,25227,FALSE
2025-04-02,20,Tuesday,FALSE,15163,FALSE
2025-04-02,21,Tuesday,FALSE,8701,FALSE
2025-04-02,22,Tuesday,FALSE,5622,FALSE
2025-04-02,23,Tuesday,FALSE,4843,FALSE
2025-04-03,0,Thursday,FALSE,8438,FALSE
2025-04-03,1,Thursday,FALSE,12776,FALSE
2025-04-03,2,Thursday,FALSE,22257,FALSE
2025-04-03,3,Thursday,FALSE,35599,FALSE
2025-04-03,4,Thursday,FALSE,43685,TRUE
2025-04-03,5,Thursday,FALSE,37770,TRUE
2025-04-03,6,Thursday,FALSE,30710,FALSE
2025-04-03,7,Thursday,FALSE,28123,FALSE
2025-04-03,8,Thursday,FALSE,28338,FALSE
2025-04-03,9,Thursday,FALSE,29357,FALSE
2025-04-03,10,Thursday,FALSE,32497,FALSE
2025-04-03,11,Thursday,FALSE,33086,FALSE
2025-04-03,12,Thursday,FALSE,35062,FALSE
2025-04-03,13,Thursday,FALSE,39673,TRUE
2025-04-03,14,Thursday,FALSE,40065,TRUE
2025-04-03,15,Thursday,FALSE,36936,TRUE
2025-04-03,16,Thursday,FALSE,36052,FALSE
2025-04-03,17,Thursday,FALSE,35722,FALSE
2025-04-03,18,Thursday,FALSE,35541,FALSE
2025-04-03,19,Thursday,FALSE,29311,FALSE
2025-04-03,20,Wednesday,FALSE,16620,FALSE
2025-04-03,21,Wednesday,FALSE,9566,FALSE
2025-04-03,22,Wednesday,FALSE,6625,FALSE
2025-04-03,23,Wednesday,FALSE,5733,FALSE
2025-04-04,0,Friday,FALSE,9778,FALSE
2025-04-04,1,Friday,FALSE,13460,FALSE
2025-04-04,2,Friday,FALSE,22702,FALSE
2025-04-04,3,Friday,FALSE,34779,FALSE
2025-04-04,4,Friday,FALSE,42346,TRUE
2025-04-04,5,Friday,FALSE,34930,FALSE
2025-04-04,6,Friday,FALSE,29888,FALSE
2025-04-04,7,Friday,FALSE,28476,FALSE
2025-04-04,8,Friday,FALSE,29194,FALSE
2025-04-04,9,Friday,FALSE,30611,FALSE
2025-04-04,10,Friday,FALSE,33580,FALSE
2025-04-04,11,Friday,FALSE,34294,FALSE
2025-04-04,12,Friday,FALSE,34921,FALSE
2025-04-04,13,Friday,FALSE,40118,TRUE
2025-04-04,14,Friday,FALSE,43694,TRUE
2025-04-04,15,Friday,FALSE,43426,TRUE
2025-04-04,16,Friday,FALSE,40570,TRUE
2025-04-04,17,Friday,FALSE,39165,TRUE
2025-04-04,18,Friday,FALSE,42713,TRUE
2025-04-04,19,Friday,FALSE,42378,TRUE
2025-04-04,20,Thursday,FALSE,21730,FALSE
2025-04-04,21,Thursday,FALSE,13670,FALSE
2025-04-04,22,Thursday,FALSE,9190,FALSE
2025-04-04,23,Thursday,FALSE,7532,FALSE
2025-04-05,0,Saturday,TRUE,13926,FALSE
2025-04-05,1,Saturday,TRUE,11627,FALSE
2025-04-05,2,Saturday,TRUE,14619,FALSE
2025-04-05,3,Saturday,TRUE,18505,FALSE
2025-04-05,4,Saturday,TRUE,23845,FALSE
2025-04-05,5,Saturday,TRUE,28521,FALSE
2025-04-05,6,Saturday,TRUE,31604,FALSE
2025-04-05,7,Saturday,TRUE,37736,TRUE
2025-04-05,8,Saturday,TRUE,42212,TRUE
2025-04-05,9,Saturday,TRUE,38737,TRUE
2025-04-05,10,Saturday,TRUE,36787,TRUE
2025-04-05,11,Saturday,TRUE,37403,TRUE
2025-04-05,12,Saturday,TRUE,40658,TRUE
2025-04-05,13,Saturday,TRUE,47296,TRUE
2025-04-05,14,Saturday,TRUE,47730,TRUE
2025-04-05,15,Saturday,TRUE,47052,TRUE
2025-04-05,16,Saturday,TRUE,45489,TRUE
2025-04-05,17,Saturday,TRUE,44332,TRUE
2025-04-05,18,Saturday,TRUE,46411,TRUE
2025-04-05,19,Saturday,TRUE,46788,TRUE
2025-04-05,20,Friday,FALSE,35586,FALSE
2025-04-05,21,Friday,FALSE,27876,FALSE
2025-04-05,22,Friday,FALSE,21870,FALSE
2025-04-05,23,Friday,FALSE,16887,FALSE
2025-04-06,0,Sunday,TRUE,15429,FALSE
2025-04-06,1,Sunday,TRUE,11703,FALSE
2025-04-06,2,Sunday,TRUE,14074,FALSE
2025-04-06,3,Sunday,TRUE,17041,FALSE
2025-04-06,4,Sunday,TRUE,20207,FALSE
2025-04-06,5,Sunday,TRUE,25318,FALSE
2025-04-06,6,Sunday,TRUE,30664,FALSE
2025-04-06,7,Sunday,TRUE,32747,FALSE
2025-04-06,8,Sunday,TRUE,32439,FALSE
2025-04-06,9,Sunday,TRUE,33318,FALSE
2025-04-06,10,Sunday,TRUE,33945,FALSE
2025-04-06,11,Sunday,TRUE,32245,FALSE
2025-04-06,12,Sunday,TRUE,31657,FALSE
2025-04-06,13,Sunday,TRUE,32308,FALSE
2025-04-06,14,Sunday,TRUE,32100,FALSE
2025-04-06,15,Sunday,TRUE,30724,FALSE
2025-04-06,16,Sunday,TRUE,30704,FALSE
2025-04-06,17,Sunday,TRUE,28154,FALSE
2025-04-06,18,Sunday,TRUE,27788,FALSE
2025-04-06,19,Sunday,TRUE,24274,FALSE
2025-04-06,20,Saturday,TRUE,42974,TRUE
2025-04-06,21,Saturday,TRUE,34559,FALSE
2025-04-06,22,Saturday,TRUE,26189,FALSE
2025-04-06,23,Saturday,TRUE,18638,FALSE
2025-04-07,0,Monday,FALSE,8370,FALSE
2025-04-07,1,Monday,FALSE,12628,FALSE
2025-04-07,2,Monday,FALSE,22359,FALSE
2025-04-07,3,Monday,FALSE,34716,FALSE
2025-04-07,4,Monday,FALSE,44220,TRUE
2025-04-07,5,Monday,FALSE,37562,TRUE
2025-04-07,6,Monday,FALSE,31796,FALSE
2025-04-07,7,Monday,FALSE,29089,FALSE
2025-04-07,8,Monday,FALSE,28817,FALSE
2025-04-07,9,Monday,FALSE,29541,FALSE
2025-04-07,10,Monday,FALSE,31385,FALSE
2025-04-07,11,Monday,FALSE,31790,FALSE
2025-04-07,12,Monday,FALSE,32812,FALSE
2025-04-07,13,Monday,FALSE,36604,FALSE
2025-04-07,14,Monday,FALSE,34842,FALSE
2025-04-07,15,Monday,FALSE,29573,FALSE
2025-04-07,16,Monday,FALSE,29393,FALSE
2025-04-07,17,Monday,FALSE,28204,FALSE
2025-04-07,18,Monday,FALSE,24633,FALSE
2025-04-07,19,Monday,FALSE,20540,FALSE
2025-04-07,20,Sunday,TRUE,15381,FALSE
2025-04-07,21,Sunday,TRUE,8888,FALSE
2025-04-07,22,Sunday,TRUE,5733,FALSE
2025-04-07,23,Sunday,TRUE,5309,FALSE
2025-04-08,0,Tuesday,FALSE,7067,FALSE
2025-04-08,1,Tuesday,FALSE,11203,FALSE
2025-04-08,2,Tuesday,FALSE,20805,FALSE
2025-04-08,3,Tuesday,FALSE,34711,FALSE
2025-04-08,4,Tuesday,FALSE,42182,TRUE
2025-04-08,5,Tuesday,FALSE,35514,FALSE
2025-04-08,6,Tuesday,FALSE,28852,FALSE
2025-04-08,7,Tuesday,FALSE,26284,FALSE
2025-04-08,8,Tuesday,FALSE,26098,FALSE
2025-04-08,9,Tuesday,FALSE,27626,FALSE
2025-04-08,10,Tuesday,FALSE,31333,FALSE
2025-04-08,11,Tuesday,FALSE,31609,FALSE
2025-04-08,12,Tuesday,FALSE,32841,FALSE
2025-04-08,13,Tuesday,FALSE,37548,TRUE
2025-04-08,14,Tuesday,FALSE,37349,TRUE
2025-04-08,15,Tuesday,FALSE,34306,FALSE
2025-04-08,16,Tuesday,FALSE,35281,FALSE
2025-04-08,17,Tuesday,FALSE,33568,FALSE
2025-04-08,18,Tuesday,FALSE,30416,FALSE
2025-04-08,19,Tuesday,FALSE,23949,FALSE
2025-04-08,20,Monday,FALSE,13363,FALSE
2025-04-08,21,Monday,FALSE,7300,FALSE
2025-04-08,22,Monday,FALSE,4878,FALSE
2025-04-08,23,Monday,FALSE,4422,FALSE
2025-04-09,0,Wednesday,FALSE,8136,FALSE
2025-04-09,1,Wednesday,FALSE,12110,FALSE
2025-04-09,2,Wednesday,FALSE,21931,FALSE
2025-04-09,3,Wednesday,FALSE,35509,FALSE
2025-04-09,4,Wednesday,FALSE,43494,TRUE
2025-04-09,5,Wednesday,FALSE,38121,TRUE
2025-04-09,6,Wednesday,FALSE,30455,FALSE
2025-04-09,7,Wednesday,FALSE,27810,FALSE
2025-04-09,8,Wednesday,FALSE,27663,FALSE
2025-04-09,9,Wednesday,FALSE,28605,FALSE
2025-04-09,10,Wednesday,FALSE,31795,FALSE
2025-04-09,11,Wednesday,FALSE,31687,FALSE
2025-04-09,12,Wednesday,FALSE,33393,FALSE
2025-04-09,13,Wednesday,FALSE,37865,TRUE
2025-04-09,14,Wednesday,FALSE,39255,TRUE
2025-04-09,15,Wednesday,FALSE,36820,TRUE
2025-04-09,16,Wednesday,FALSE,36643,FALSE
2025-04-09,17,Wednesday,FALSE,35744,FALSE
2025-04-09,18,Wednesday,FALSE,32412,FALSE
2025-04-09,19,Wednesday,FALSE,25948,FALSE
2025-04-09,20,Tuesday,FALSE,15747,FALSE
2025-04-09,21,Tuesday,FALSE,8604,FALSE
2025-04-09,22,Tuesday,FALSE,5930,FALSE
2025-04-09,23,Tuesday,FALSE,5254,FALSE
2025-04-10,0,Thursday,FALSE,8743,FALSE
2025-04-10,1,Thursday,FALSE,12545,FALSE
2025-04-10,2,Thursday,FALSE,22198,FALSE
2025-04-10,3,Thursday,FALSE,36344,FALSE
2025-04-10,4,Thursday,FALSE,43009,TRUE
2025-04-10,5,Thursday,FALSE,36226,FALSE
2025-04-10,6,Thursday,FALSE,29698,FALSE
2025-04-10,7,Thursday,FALSE,27685,FALSE
2025-04-10,8,Thursday,FALSE,28283,FALSE
2025-04-10,9,Thursday,FALSE,29788,FALSE
2025-04-10,10,Thursday,FALSE,33518,FALSE
2025-04-10,11,Thursday,FALSE,34840,FALSE
2025-04-10,12,Thursday,FALSE,39082,TRUE
2025-04-10,13,Thursday,FALSE,43677,TRUE
2025-04-10,14,Thursday,FALSE,42078,TRUE
2025-04-10,15,Thursday,FALSE,39221,TRUE
2025-04-10,16,Thursday,FALSE,38389,TRUE
2025-04-10,17,Thursday,FALSE,37353,TRUE
2025-04-10,18,Thursday,FALSE,35873,FALSE
2025-04-10,19,Thursday,FALSE,29826,FALSE
2025-04-10,20,Wednesday,FALSE,17297,FALSE
2025-04-10,21,Wednesday,FALSE,9641,FALSE
2025-04-10,22,Wednesday,FALSE,6460,FALSE
2025-04-10,23,Wednesday,FALSE,6055,FALSE
2025-04-11,0,Friday,FALSE,9854,FALSE
2025-04-11,1,Friday,FALSE,12810,FALSE
2025-04-11,2,Friday,FALSE,22507,FALSE
2025-04-11,3,Friday,FALSE,35597,FALSE
2025-04-11,4,Friday,FALSE,41834,TRUE
2025-04-11,5,Friday,FALSE,35279,FALSE
2025-04-11,6,Friday,FALSE,33293,FALSE
2025-04-11,7,Friday,FALSE,30650,FALSE
2025-04-11,8,Friday,FALSE,33274,FALSE
2025-04-11,9,Friday,FALSE,34777,FALSE
2025-04-11,10,Friday,FALSE,38385,TRUE
2025-04-11,11,Friday,FALSE,38115,TRUE
2025-04-11,12,Friday,FALSE,38201,TRUE
2025-04-11,13,Friday,FALSE,43342,TRUE
2025-04-11,14,Friday,FALSE,49503,TRUE
2025-04-11,15,Friday,FALSE,50835,TRUE
2025-04-11,16,Friday,FALSE,49499,TRUE
2025-04-11,17,Friday,FALSE,47163,TRUE
2025-04-11,18,Friday,FALSE,48333,TRUE
2025-04-11,19,Friday,FALSE,46628,TRUE
2025-04-11,20,Thursday,FALSE,22221,FALSE
2025-04-11,21,Thursday,FALSE,13980,FALSE
2025-04-11,22,Thursday,FALSE,8906,FALSE
2025-04-11,23,Thursday,FALSE,7658,FALSE
2025-04-12,0,Saturday,TRUE,13564,FALSE
2025-04-12,1,Saturday,TRUE,11112,FALSE
2025-04-12,2,Saturday,TRUE,14386,FALSE
2025-04-12,3,Saturday,TRUE,19116,FALSE
2025-04-12,4,Saturday,TRUE,24190,FALSE
2025-04-12,5,Saturday,TRUE,29730,FALSE
2025-04-12,6,Saturday,TRUE,32919,FALSE
2025-04-12,7,Saturday,TRUE,34888,FALSE
2025-04-12,8,Saturday,TRUE,36189,FALSE
2025-04-12,9,Saturday,TRUE,38520,TRUE
2025-04-12,10,Saturday,TRUE,41124,TRUE
2025-04-12,11,Saturday,TRUE,42971,TRUE
2025-04-12,12,Saturday,TRUE,42668,TRUE
2025-04-12,13,Saturday,TRUE,43638,TRUE
2025-04-12,14,Saturday,TRUE,47622,TRUE
2025-04-12,15,Saturday,TRUE,48244,TRUE
2025-04-12,16,Saturday,TRUE,48096,TRUE
2025-04-12,17,Saturday,TRUE,45524,TRUE
2025-04-12,18,Saturday,TRUE,48068,TRUE
2025-04-12,19,Saturday,TRUE,45482,TRUE
2025-04-12,20,Friday,FALSE,39708,TRUE
2025-04-12,21,Friday,FALSE,30119,FALSE
2025-04-12,22,Friday,FALSE,22712,FALSE
2025-04-12,23,Friday,FALSE,16923,FALSE
2025-04-13,0,Sunday,TRUE,15486,FALSE
2025-04-13,1,Sunday,TRUE,11658,FALSE
2025-04-13,2,Sunday,TRUE,13302,FALSE
2025-04-13,3,Sunday,TRUE,16513,FALSE
2025-04-13,4,Sunday,TRUE,18532,FALSE
2025-04-13,5,Sunday,TRUE,23819,FALSE
2025-04-13,6,Sunday,TRUE,28827,FALSE
2025-04-13,7,Sunday,TRUE,30870,FALSE
2025-04-13,8,Sunday,TRUE,30859,FALSE
2025-04-13,9,Sunday,TRUE,31329,FALSE
2025-04-13,10,Sunday,TRUE,32102,FALSE
2025-04-13,11,Sunday,TRUE,31706,FALSE
2025-04-13,12,Sunday,TRUE,31391,FALSE
2025-04-13,13,Sunday,TRUE,31926,FALSE
2025-04-13,14,Sunday,TRUE,31285,FALSE
2025-04-13,15,Sunday,TRUE,31016,FALSE
2025-04-13,16,Sunday,TRUE,30619,FALSE
2025-04-13,17,Sunday,TRUE,30189,FALSE
2025-04-13,18,Sunday,TRUE,28401,FALSE
2025-04-13,19,Sunday,TRUE,23403,FALSE
2025-04-13,20,Saturday,TRUE,39221,TRUE
2025-04-13,21,Saturday,TRUE,31766,FALSE
2025-04-13,22,Saturday,TRUE,23689,FALSE
2025-04-13,23,Saturday,TRUE,18782,FALSE
2025-04-14,0,Monday,FALSE,8256,FALSE
2025-04-14,1,Monday,FALSE,11670,FALSE
2025-04-14,2,Monday,FALSE,18939,FALSE
2025-04-14,3,Monday,FALSE,26980,FALSE
2025-04-14,4,Monday,FALSE,33080,FALSE
2025-04-14,5,Monday,FALSE,29486,FALSE
2025-04-14,6,Monday,FALSE,25002,FALSE
2025-04-14,7,Monday,FALSE,23749,FALSE
2025-04-14,8,Monday,FALSE,24098,FALSE
2025-04-14,9,Monday,FALSE,24341,FALSE
2025-04-14,10,Monday,FALSE,25673,FALSE
2025-04-14,11,Monday,FALSE,26581,FALSE
2025-04-14,12,Monday,FALSE,27757,FALSE
2025-04-14,13,Monday,FALSE,30841,FALSE
2025-04-14,14,Monday,FALSE,30118,FALSE
2025-04-14,15,Monday,FALSE,27109,FALSE
2025-04-14,16,Monday,FALSE,27695,FALSE
2025-04-14,17,Monday,FALSE,27128,FALSE
2025-04-14,18,Monday,FALSE,24907,FALSE
2025-04-14,19,Monday,FALSE,19909,FALSE
2025-04-14,20,Sunday,TRUE,16197,FALSE
2025-04-14,21,Sunday,TRUE,9662,FALSE
2025-04-14,22,Sunday,TRUE,6662,FALSE
2025-04-14,23,Sunday,TRUE,5830,FALSE
2025-04-15,0,Tuesday,FALSE,7058,FALSE
2025-04-15,1,Tuesday,FALSE,10746,FALSE
2025-04-15,2,Tuesday,FALSE,18474,FALSE
2025-04-15,3,Tuesday,FALSE,27710,FALSE
2025-04-15,4,Tuesday,FALSE,35918,FALSE
2025-04-15,5,Tuesday,FALSE,32911,FALSE
2025-04-15,6,Tuesday,FALSE,26642,FALSE
2025-04-15,7,Tuesday,FALSE,24825,FALSE
2025-04-15,8,Tuesday,FALSE,24849,FALSE
2025-04-15,9,Tuesday,FALSE,25920,FALSE
2025-04-15,10,Tuesday,FALSE,27935,FALSE
2025-04-15,11,Tuesday,FALSE,28755,FALSE
2025-04-15,12,Tuesday,FALSE,30707,FALSE
2025-04-15,13,Tuesday,FALSE,33594,FALSE
2025-04-15,14,Tuesday,FALSE,33844,FALSE
2025-04-15,15,Tuesday,FALSE,31421,FALSE
2025-04-15,16,Tuesday,FALSE,32536,FALSE
2025-04-15,17,Tuesday,FALSE,32074,FALSE
2025-04-15,18,Tuesday,FALSE,29902,FALSE
2025-04-15,19,Tuesday,FALSE,24580,FALSE
2025-04-15,20,Monday,FALSE,14732,FALSE
2025-04-15,21,Monday,FALSE,8299,FALSE
2025-04-15,22,Monday,FALSE,5218,FALSE
2025-04-15,23,Monday,FALSE,4787,FALSE
2025-04-16,0,Wednesday,FALSE,7606,FALSE
2025-04-16,1,Wednesday,FALSE,11188,FALSE
2025-04-16,2,Wednesday,FALSE,18949,FALSE
2025-04-16,3,Wednesday,FALSE,28794,FALSE
2025-04-16,4,Wednesday,FALSE,37518,TRUE
2025-04-16,5,Wednesday,FALSE,33892,FALSE
2025-04-16,6,Wednesday,FALSE,27991,FALSE
2025-04-16,7,Wednesday,FALSE,26535,FALSE
2025-04-16,8,Wednesday,FALSE,26946,FALSE
2025-04-16,9,Wednesday,FALSE,27526,FALSE
2025-04-16,10,Wednesday,FALSE,28659,FALSE
2025-04-16,11,Wednesday,FALSE,29928,FALSE
2025-04-16,12,Wednesday,FALSE,31863,FALSE
2025-04-16,13,Wednesday,FALSE,36731,TRUE
2025-04-16,14,Wednesday,FALSE,37621,TRUE
2025-04-16,15,Wednesday,FALSE,35157,FALSE
2025-04-16,16,Wednesday,FALSE,34818,FALSE
2025-04-16,17,Wednesday,FALSE,34627,FALSE
2025-04-16,18,Wednesday,FALSE,33261,FALSE
2025-04-16,19,Wednesday,FALSE,27111,FALSE
2025-04-16,20,Tuesday,FALSE,16106,FALSE
2025-04-16,21,Tuesday,FALSE,9508,FALSE
2025-04-16,22,Tuesday,FALSE,5999,FALSE
2025-04-16,23,Tuesday,FALSE,5334,FALSE
2025-04-17,0,Thursday,FALSE,8557,FALSE
2025-04-17,1,Thursday,FALSE,12016,FALSE
2025-04-17,2,Thursday,FALSE,19260,FALSE
2025-04-17,3,Thursday,FALSE,28170,FALSE
2025-04-17,4,Thursday,FALSE,36343,FALSE
2025-04-17,5,Thursday,FALSE,34064,FALSE
2025-04-17,6,Thursday,FALSE,28368,FALSE
2025-04-17,7,Thursday,FALSE,26487,FALSE
2025-04-17,8,Thursday,FALSE,27338,FALSE
2025-04-17,9,Thursday,FALSE,28045,FALSE
2025-04-17,10,Thursday,FALSE,29179,FALSE
2025-04-17,11,Thursday,FALSE,30377,FALSE
2025-04-17,12,Thursday,FALSE,32565,FALSE
2025-04-17,13,Thursday,FALSE,36684,TRUE
2025-04-17,14,Thursday,FALSE,39059,TRUE
2025-04-17,15,Thursday,FALSE,36367,FALSE
2025-04-17,16,Thursday,FALSE,35969,FALSE
2025-04-17,17,Thursday,FALSE,36868,TRUE
2025-04-17,18,Thursday,FALSE,36358,FALSE
2025-04-17,19,Thursday,FALSE,32129,FALSE
2025-04-17,20,Wednesday,FALSE,17884,FALSE
2025-04-17,21,Wednesday,FALSE,10310,FALSE
2025-04-17,22,Wednesday,FALSE,6616,FALSE
2025-04-17,23,Wednesday,FALSE,6097,FALSE
2025-04-18,0,Friday,FALSE,9774,FALSE
2025-04-18,1,Friday,FALSE,11768,FALSE
2025-04-18,2,Friday,FALSE,17107,FALSE
2025-04-18,3,Friday,FALSE,22716,FALSE
2025-04-18,4,Friday,FALSE,29618,FALSE
2025-04-18,5,Friday,FALSE,30354,FALSE
2025-04-18,6,Friday,FALSE,28150,FALSE
2025-04-18,7,Friday,FALSE,27665,FALSE
2025-04-18,8,Friday,FALSE,28077,FALSE
2025-04-18,9,Friday,FALSE,28958,FALSE
2025-04-18,10,Friday,FALSE,31403,FALSE
2025-04-18,11,Friday,FALSE,33424,FALSE
2025-04-18,12,Friday,FALSE,35362,FALSE
2025-04-18,13,Friday,FALSE,39352,TRUE
2025-04-18,14,Friday,FALSE,42057,TRUE
2025-04-18,15,Friday,FALSE,41628,TRUE
2025-04-18,16,Friday,FALSE,39279,TRUE
2025-04-18,17,Friday,FALSE,38786,TRUE
2025-04-18,18,Friday,FALSE,41522,TRUE
2025-04-18,19,Friday,FALSE,39901,TRUE
2025-04-18,20,Thursday,FALSE,23473,FALSE
2025-04-18,21,Thursday,FALSE,15311,FALSE
2025-04-18,22,Thursday,FALSE,10851,FALSE
2025-04-18,23,Thursday,FALSE,8732,FALSE
2025-04-19,0,Saturday,TRUE,12606,FALSE
2025-04-19,1,Saturday,TRUE,10561,FALSE
2025-04-19,2,Saturday,TRUE,13146,FALSE
2025-04-19,3,Saturday,TRUE,15939,FALSE
2025-04-19,4,Saturday,TRUE,20086,FALSE
2025-04-19,5,Saturday,TRUE,25662,FALSE
2025-04-19,6,Saturday,TRUE,29288,FALSE
2025-04-19,7,Saturday,TRUE,31219,FALSE
2025-04-19,8,Saturday,TRUE,32858,FALSE
2025-04-19,9,Saturday,TRUE,34690,FALSE
2025-04-19,10,Saturday,TRUE,36422,FALSE
2025-04-19,11,Saturday,TRUE,37601,TRUE
2025-04-19,12,Saturday,TRUE,37988,TRUE
2025-04-19,13,Saturday,TRUE,41078,TRUE
2025-04-19,14,Saturday,TRUE,43244,TRUE
2025-04-19,15,Saturday,TRUE,43018,TRUE
2025-04-19,16,Saturday,TRUE,42276,TRUE
2025-04-19,17,Saturday,TRUE,42681,TRUE
2025-04-19,18,Saturday,TRUE,44490,TRUE
2025-04-19,19,Saturday,TRUE,44922,TRUE
2025-04-19,20,Friday,FALSE,34355,FALSE
2025-04-19,21,Friday,FALSE,26667,FALSE
2025-04-19,22,Friday,FALSE,20377,FALSE
2025-04-19,23,Friday,FALSE,15767,FALSE
2025-04-20,0,Sunday,TRUE,15248,FALSE
2025-04-20,1,Sunday,TRUE,11528,FALSE
2025-04-20,2,Sunday,TRUE,13058,FALSE
2025-04-20,3,Sunday,TRUE,15542,FALSE
2025-04-20,4,Sunday,TRUE,18294,FALSE
2025-04-20,5,Sunday,TRUE,24074,FALSE
2025-04-20,6,Sunday,TRUE,29969,FALSE
2025-04-20,7,Sunday,TRUE,31826,FALSE
2025-04-20,8,Sunday,TRUE,31450,FALSE
2025-04-20,9,Sunday,TRUE,31501,FALSE
2025-04-20,10,Sunday,TRUE,31858,FALSE
2025-04-20,11,Sunday,TRUE,31768,FALSE
2025-04-20,12,Sunday,TRUE,31230,FALSE
2025-04-20,13,Sunday,TRUE,31249,FALSE
2025-04-20,14,Sunday,TRUE,32147,FALSE
2025-04-20,15,Sunday,TRUE,31325,FALSE
2025-04-20,16,Sunday,TRUE,32796,FALSE
2025-04-20,17,Sunday,TRUE,31406,FALSE
2025-04-20,18,Sunday,TRUE,29193,FALSE
2025-04-20,19,Sunday,TRUE,24500,FALSE
2025-04-20,20,Saturday,TRUE,38172,TRUE
2025-04-20,21,Saturday,TRUE,30648,FALSE
2025-04-20,22,Saturday,TRUE,24397,FALSE
2025-04-20,23,Saturday,TRUE,19096,FALSE
2025-04-21,0,Monday,FALSE,8087,FALSE
2025-04-21,1,Monday,FALSE,11645,FALSE
2025-04-21,2,Monday,FALSE,20148,FALSE
2025-04-21,3,Monday,FALSE,31687,FALSE
2025-04-21,4,Monday,FALSE,38677,TRUE
2025-04-21,5,Monday,FALSE,31126,FALSE
2025-04-21,6,Monday,FALSE,26190,FALSE
2025-04-21,7,Monday,FALSE,23773,FALSE
2025-04-21,8,Monday,FALSE,24261,FALSE
2025-04-21,9,Monday,FALSE,25415,FALSE
2025-04-21,10,Monday,FALSE,28194,FALSE
2025-04-21,11,Monday,FALSE,29269,FALSE
2025-04-21,12,Monday,FALSE,29739,FALSE
2025-04-21,13,Monday,FALSE,32691,FALSE
2025-04-21,14,Monday,FALSE,32329,FALSE
2025-04-21,15,Monday,FALSE,28182,FALSE
2025-04-21,16,Monday,FALSE,27150,FALSE
2025-04-21,17,Monday,FALSE,25403,FALSE
2025-04-21,18,Monday,FALSE,25227,FALSE
2025-04-21,19,Monday,FALSE,19516,FALSE
2025-04-21,20,Sunday,TRUE,17757,FALSE
2025-04-21,21,Sunday,TRUE,10023,FALSE
2025-04-21,22,Sunday,TRUE,6550,FALSE
2025-04-21,23,Sunday,TRUE,5778,FALSE
2025-04-22,0,Tuesday,FALSE,6621,FALSE
2025-04-22,1,Tuesday,FALSE,11108,FALSE
2025-04-22,2,Tuesday,FALSE,20338,FALSE
2025-04-22,3,Tuesday,FALSE,33168,FALSE
2025-04-22,4,Tuesday,FALSE,40612,TRUE
2025-04-22,5,Tuesday,FALSE,33521,FALSE
2025-04-22,6,Tuesday,FALSE,27265,FALSE
2025-04-22,7,Tuesday,FALSE,25028,FALSE
2025-04-22,8,Tuesday,FALSE,24772,FALSE
2025-04-22,9,Tuesday,FALSE,26436,FALSE
2025-04-22,10,Tuesday,FALSE,29050,FALSE
2025-04-22,11,Tuesday,FALSE,29787,FALSE
2025-04-22,12,Tuesday,FALSE,31017,FALSE
2025-04-22,13,Tuesday,FALSE,34731,FALSE
2025-04-22,14,Tuesday,FALSE,34803,FALSE
2025-04-22,15,Tuesday,FALSE,30304,FALSE
2025-04-22,16,Tuesday,FALSE,31283,FALSE
2025-04-22,17,Tuesday,FALSE,31284,FALSE
2025-04-22,18,Tuesday,FALSE,29529,FALSE
2025-04-22,19,Tuesday,FALSE,23287,FALSE
2025-04-22,20,Monday,FALSE,12678,FALSE
2025-04-22,21,Monday,FALSE,7337,FALSE
2025-04-22,22,Monday,FALSE,4614,FALSE
2025-04-22,23,Monday,FALSE,4267,FALSE
2025-04-23,0,Wednesday,FALSE,7387,FALSE
2025-04-23,1,Wednesday,FALSE,11574,FALSE
2025-04-23,2,Wednesday,FALSE,20982,FALSE
2025-04-23,3,Wednesday,FALSE,34276,FALSE
2025-04-23,4,Wednesday,FALSE,40956,TRUE
2025-04-23,5,Wednesday,FALSE,34383,FALSE
2025-04-23,6,Wednesday,FALSE,28138,FALSE
2025-04-23,7,Wednesday,FALSE,26250,FALSE
2025-04-23,8,Wednesday,FALSE,26298,FALSE
2025-04-23,9,Wednesday,FALSE,27380,FALSE
2025-04-23,10,Wednesday,FALSE,30149,FALSE
2025-04-23,11,Wednesday,FALSE,31036,FALSE
2025-04-23,12,Wednesday,FALSE,32518,FALSE
2025-04-23,13,Wednesday,FALSE,36656,FALSE
2025-04-23,14,Wednesday,FALSE,36090,FALSE
2025-04-23,15,Wednesday,FALSE,33828,FALSE
2025-04-23,16,Wednesday,FALSE,34920,FALSE
2025-04-23,17,Wednesday,FALSE,34441,FALSE
2025-04-23,18,Wednesday,FALSE,31832,FALSE
2025-04-23,19,Wednesday,FALSE,26044,FALSE
2025-04-23,20,Tuesday,FALSE,15230,FALSE
2025-04-23,21,Tuesday,FALSE,8948,FALSE
2025-04-23,22,Tuesday,FALSE,5894,FALSE
2025-04-23,23,Tuesday,FALSE,5043,FALSE
2025-04-24,0,Thursday,FALSE,8460,FALSE
2025-04-24,1,Thursday,FALSE,12653,FALSE
2025-04-24,2,Thursday,FALSE,21566,FALSE
2025-04-24,3,Thursday,FALSE,34007,FALSE
2025-04-24,4,Thursday,FALSE,41159,TRUE
2025-04-24,5,Thursday,FALSE,35184,FALSE
2025-04-24,6,Thursday,FALSE,29631,FALSE
2025-04-24,7,Thursday,FALSE,27894,FALSE
2025-04-24,8,Thursday,FALSE,27958,FALSE
2025-04-24,9,Thursday,FALSE,29097,FALSE
2025-04-24,10,Thursday,FALSE,32140,FALSE
2025-04-24,11,Thursday,FALSE,32753,FALSE
2025-04-24,12,Thursday,FALSE,34281,FALSE
2025-04-24,13,Thursday,FALSE,37886,TRUE
2025-04-24,14,Thursday,FALSE,39401,TRUE
2025-04-24,15,Thursday,FALSE,35898,FALSE
2025-04-24,16,Thursday,FALSE,36136,FALSE
2025-04-24,17,Thursday,FALSE,37077,TRUE
2025-04-24,18,Thursday,FALSE,37126,TRUE
2025-04-24,19,Thursday,FALSE,30946,FALSE
2025-04-24,20,Wednesday,FALSE,17861,FALSE
2025-04-24,21,Wednesday,FALSE,10070,FALSE
2025-04-24,22,Wednesday,FALSE,6417,FALSE
2025-04-24,23,Wednesday,FALSE,5801,FALSE
2025-04-25,0,Friday,FALSE,9756,FALSE
2025-04-25,1,Friday,FALSE,13451,FALSE
2025-04-25,2,Friday,FALSE,21644,FALSE
2025-04-25,3,Friday,FALSE,33480,FALSE
2025-04-25,4,Friday,FALSE,40134,TRUE
2025-04-25,5,Friday,FALSE,34183,FALSE
2025-04-25,6,Friday,FALSE,29655,FALSE
2025-04-25,7,Friday,FALSE,28618,FALSE
2025-04-25,8,Friday,FALSE,29799,FALSE
2025-04-25,9,Friday,FALSE,31101,FALSE
2025-04-25,10,Friday,FALSE,34769,FALSE
2025-04-25,11,Friday,FALSE,34763,FALSE
2025-04-25,12,Friday,FALSE,36793,TRUE
2025-04-25,13,Friday,FALSE,41090,TRUE
2025-04-25,14,Friday,FALSE,44876,TRUE
2025-04-25,15,Friday,FALSE,44771,TRUE
2025-04-25,16,Friday,FALSE,42338,TRUE
2025-04-25,17,Friday,FALSE,42393,TRUE
2025-04-25,18,Friday,FALSE,45374,TRUE
2025-04-25,19,Friday,FALSE,43926,TRUE
2025-04-25,20,Thursday,FALSE,23309,FALSE
2025-04-25,21,Thursday,FALSE,14803,FALSE
2025-04-25,22,Thursday,FALSE,10027,FALSE
2025-04-25,23,Thursday,FALSE,8077,FALSE
2025-04-26,0,Saturday,TRUE,14601,FALSE
2025-04-26,1,Saturday,TRUE,12210,FALSE
2025-04-26,2,Saturday,TRUE,14976,FALSE
2025-04-26,3,Saturday,TRUE,19047,FALSE
2025-04-26,4,Saturday,TRUE,24595,FALSE
2025-04-26,5,Saturday,TRUE,29530,FALSE
2025-04-26,6,Saturday,TRUE,32163,FALSE
2025-04-26,7,Saturday,TRUE,34394,FALSE
2025-04-26,8,Saturday,TRUE,36332,FALSE
2025-04-26,9,Saturday,TRUE,38530,TRUE
2025-04-26,10,Saturday,TRUE,36504,FALSE
2025-04-26,11,Saturday,TRUE,37529,TRUE
2025-04-26,12,Saturday,TRUE,39031,TRUE
2025-04-26,13,Saturday,TRUE,40318,TRUE
2025-04-26,14,Saturday,TRUE,43334,TRUE
2025-04-26,15,Saturday,TRUE,53341,TRUE
2025-04-26,16,Saturday,TRUE,45780,TRUE
2025-04-26,17,Saturday,TRUE,45490,TRUE
2025-04-26,18,Saturday,TRUE,47900,TRUE
2025-04-26,19,Saturday,TRUE,48211,TRUE
2025-04-26,20,Friday,FALSE,37395,TRUE
2025-04-26,21,Friday,FALSE,29588,FALSE
2025-04-26,22,Friday,FALSE,23267,FALSE
2025-04-26,23,Friday,FALSE,18245,FALSE
2025-04-27,0,Sunday,TRUE,15416,FALSE
2025-04-27,1,Sunday,TRUE,13473,FALSE
2025-04-27,2,Sunday,TRUE,15335,FALSE
2025-04-27,3,Sunday,TRUE,18531,FALSE
2025-04-27,4,Sunday,TRUE,20859,FALSE
2025-04-27,5,Sunday,TRUE,25281,FALSE
2025-04-27,6,Sunday,TRUE,29801,FALSE
2025-04-27,7,Sunday,TRUE,30361,FALSE
2025-04-27,8,Sunday,TRUE,30792,FALSE
2025-04-27,9,Sunday,TRUE,32266,FALSE
2025-04-27,10,Sunday,TRUE,33968,FALSE
2025-04-27,11,Sunday,TRUE,34165,FALSE
2025-04-27,12,Sunday,TRUE,33978,FALSE
2025-04-27,13,Sunday,TRUE,33478,FALSE
2025-04-27,14,Sunday,TRUE,33824,FALSE
2025-04-27,15,Sunday,TRUE,32115,FALSE
2025-04-27,16,Sunday,TRUE,32459,FALSE
2025-04-27,17,Sunday,TRUE,31535,FALSE
2025-04-27,18,Sunday,TRUE,29341,FALSE
2025-04-27,19,Sunday,TRUE,23669,FALSE
2025-04-27,20,Saturday,TRUE,41926,TRUE
2025-04-27,21,Saturday,TRUE,33118,FALSE
2025-04-27,22,Saturday,TRUE,25589,FALSE
2025-04-27,23,Saturday,TRUE,19589,FALSE
2025-04-28,0,Monday,FALSE,8299,FALSE
2025-04-28,1,Monday,FALSE,12462,FALSE
2025-04-28,2,Monday,FALSE,20890,FALSE
2025-04-28,3,Monday,FALSE,32720,FALSE
2025-04-28,4,Monday,FALSE,39237,TRUE
2025-04-28,5,Monday,FALSE,31741,FALSE
2025-04-28,6,Monday,FALSE,26771,FALSE
2025-04-28,7,Monday,FALSE,24447,FALSE
2025-04-28,8,Monday,FALSE,24997,FALSE
2025-04-28,9,Monday,FALSE,25706,FALSE
2025-04-28,10,Monday,FALSE,28370,FALSE
2025-04-28,11,Monday,FALSE,29476,FALSE
2025-04-28,12,Monday,FALSE,29405,FALSE
2025-04-28,13,Monday,FALSE,32517,FALSE
2025-04-28,14,Monday,FALSE,31579,FALSE
2025-04-28,15,Monday,FALSE,27876,FALSE
2025-04-28,16,Monday,FALSE,29098,FALSE
2025-04-28,17,Monday,FALSE,28441,FALSE
2025-04-28,18,Monday,FALSE,25870,FALSE
2025-04-28,19,Monday,FALSE,20695,FALSE
2025-04-28,20,Sunday,TRUE,16788,FALSE
2025-04-28,21,Sunday,TRUE,9917,FALSE
2025-04-28,22,Sunday,TRUE,6600,FALSE
2025-04-28,23,Sunday,TRUE,5717,FALSE
2025-04-29,0,Tuesday,FALSE,6880,FALSE
2025-04-29,1,Tuesday,FALSE,11299,FALSE
2025-04-29,2,Tuesday,FALSE,20859,FALSE
2025-04-29,3,Tuesday,FALSE,33398,FALSE
2025-04-29,4,Tuesday,FALSE,39644,TRUE
2025-04-29,5,Tuesday,FALSE,32730,FALSE
2025-04-29,6,Tuesday,FALSE,26879,FALSE
2025-04-29,7,Tuesday,FALSE,24741,FALSE
2025-04-29,8,Tuesday,FALSE,24969,FALSE
2025-04-29,9,Tuesday,FALSE,26372,FALSE
2025-04-29,10,Tuesday,FALSE,29741,FALSE
2025-04-29,11,Tuesday,FALSE,30497,FALSE
2025-04-29,12,Tuesday,FALSE,31434,FALSE
2025-04-29,13,Tuesday,FALSE,35159,FALSE
2025-04-29,14,Tuesday,FALSE,36185,FALSE
2025-04-29,15,Tuesday,FALSE,31517,FALSE
2025-04-29,16,Tuesday,FALSE,32257,FALSE
2025-04-29,17,Tuesday,FALSE,32361,FALSE
2025-04-29,18,Tuesday,FALSE,30700,FALSE
2025-04-29,19,Tuesday,FALSE,24292,FALSE
2025-04-29,20,Monday,FALSE,13746,FALSE
2025-04-29,21,Monday,FALSE,7995,FALSE
2025-04-29,22,Monday,FALSE,5117,FALSE
2025-04-29,23,Monday,FALSE,4462,FALSE
2025-04-30,0,Wednesday,FALSE,7590,FALSE
2025-04-30,1,Wednesday,FALSE,11920,FALSE
2025-04-30,2,Wednesday,FALSE,21559,FALSE
2025-04-30,3,Wednesday,FALSE,34762,FALSE
2025-04-30,4,Wednesday,FALSE,41908,TRUE
2025-04-30,5,Wednesday,FALSE,35855,FALSE
2025-04-30,6,Wednesday,FALSE,29262,FALSE
2025-04-30,7,Wednesday,FALSE,26867,FALSE
2025-04-30,8,Wednesday,FALSE,27079,FALSE
2025-04-30,9,Wednesday,FALSE,28617,FALSE
2025-04-30,10,Wednesday,FALSE,31269,FALSE
2025-04-30,11,Wednesday,FALSE,32050,FALSE
2025-04-30,12,Wednesday,FALSE,32843,FALSE
2025-04-30,13,Wednesday,FALSE,36934,TRUE
2025-04-30,14,Wednesday,FALSE,37518,TRUE
2025-04-30,15,Wednesday,FALSE,34471,FALSE
2025-04-30,16,Wednesday,FALSE,34783,FALSE
2025-04-30,17,Wednesday,FALSE,35062,FALSE
2025-04-30,18,Wednesday,FALSE,33754,FALSE
2025-04-30,19,Wednesday,FALSE,27943,FALSE
2025-04-30,20,Tuesday,FALSE,16062,FALSE
2025-04-30,21,Tuesday,FALSE,9654,FALSE
2025-04-30,22,Tuesday,FALSE,6125,FALSE
2025-04-30,23,Tuesday,FALSE,5270,FALSE
